-- phpMyAdmin SQL Dump
-- version 4.7.7
-- https://www.phpmyadmin.net/
--
-- Host: localhost:3306
-- Generation Time: Aug 08, 2018 at 06:36 PM
-- Server version: 10.2.9-MariaDB-log
-- PHP Version: 5.6.30

SET SQL_MODE = "NO_AUTO_VALUE_ON_ZERO";
SET AUTOCOMMIT = 0;
START TRANSACTION;
SET time_zone = "+00:00";


/*!40101 SET @OLD_CHARACTER_SET_CLIENT=@@CHARACTER_SET_CLIENT */;
/*!40101 SET @OLD_CHARACTER_SET_RESULTS=@@CHARACTER_SET_RESULTS */;
/*!40101 SET @OLD_COLLATION_CONNECTION=@@COLLATION_CONNECTION */;
/*!40101 SET NAMES utf8mb4 */;

--
-- Database: `agoras5_agora_dev_db`
--

-- --------------------------------------------------------

--
-- Table structure for table `tbl_activation_keys`
--

CREATE TABLE `tbl_activation_keys` (
  `activation_id` int(11) NOT NULL,
  `user_id` int(11) NOT NULL,
  `activation_key` varchar(200) NOT NULL,
  `active` int(11) DEFAULT 1,
  `issue_date` datetime NOT NULL DEFAULT current_timestamp()
) ENGINE=InnoDB DEFAULT CHARSET=latin1;

--
-- Dumping data for table `tbl_activation_keys`
--

INSERT INTO `tbl_activation_keys` (`activation_id`, `user_id`, `activation_key`, `active`, `issue_date`) VALUES
(5, 3, 'a57916875e3f90802c627b1116f7d38a', 1, '2018-05-17 21:05:59'),
(6, 4, '76d715b3c8b116c1ae7f8ef13e16759f', 1, '2018-05-27 19:37:11'),
(7, 5, 'dda2c36a4f63e17b99d112856dfc3c05', 1, '2018-06-05 22:33:27'),
(8, 6, 'a5bd969a5d385fde223d02c0939414d7', 1, '2018-06-17 03:45:11'),
(9, 7, '88d6fb1df39c33a940a2872fca2a8485', 1, '2018-07-08 12:32:23'),
(10, 8, '7b859346d1dbd02454a607326d05295c', 1, '2018-07-08 02:32:14'),
(11, 9, '41f97c20cb8d5b5afd8552883a398b6e', 1, '2018-07-08 03:17:18'),
(12, 10, 'acdb50fcd7b5399205f33ee3b4e51f25', 1, '2018-07-08 08:34:21'),
(13, 11, '19e9a66f23536ba8f519ef6d0a087cef', 1, '2018-07-09 07:21:56'),
(14, 12, '6cdf5eaecab0b5dbf4fef56c18ceab0b', 1, '2018-07-09 09:18:42'),
(15, 13, 'd272cf5dcbb7c35b8b66422b7cccaff2', 1, '2018-07-10 03:11:47'),
(16, 14, '9843a948a705118f33b28f8868776189', 1, '2018-07-10 03:22:54'),
(17, 15, '7616597e4f8eeac8156e19d6de6d35fa', 1, '2018-07-13 01:54:02'),
(18, 16, '04e9b24a9cade9b5c802a98a3f788201', 1, '2018-07-13 21:26:17'),
(19, 17, '4e214af3aded640f9123b6a19df6a831', 1, '2018-07-13 21:27:26'),
(20, 18, 'e19dc9c5dbe04feb3dcea1a18f2381b9', 1, '2018-07-13 21:47:17'),
(21, 19, '75d38adf099b3f6afa6ca02157cb7b3f', 1, '2018-07-13 21:48:31'),
(22, 20, 'c267ef3d7a0ed324083e9cd2270dad4a', 1, '2018-07-13 21:50:00'),
(23, 21, '6835fd4bbcd7b28dc3a26d78d744aa62', 1, '2018-07-15 17:22:22'),
(24, 27, '7ac17cd55343538f2bae01547d196ae9', 1, '2018-08-02 04:10:07'),
(25, 28, '0c39bba0b11613ebe4cfdb828175af4c', 1, '2018-08-02 08:20:05'),
(26, 29, '2aa5915f57f155a82e10f50beaa9f377', 1, '2018-08-07 02:22:38');

-- --------------------------------------------------------

--
-- Table structure for table `tbl_assignment`
--

CREATE TABLE `tbl_assignment` (
  `assignment_id` int(11) NOT NULL,
  `category_id` int(11) NOT NULL,
  `section_item_id` int(11) NOT NULL,
  `title` varchar(255) COLLATE utf8mb4_unicode_ci NOT NULL,
  `description` text COLLATE utf8mb4_unicode_ci NOT NULL,
  `cover_photo` text COLLATE utf8mb4_unicode_ci DEFAULT NULL,
  `available_from` datetime NOT NULL,
  `available_to` datetime NOT NULL,
  `due_date` datetime NOT NULL,
  `points` int(11) DEFAULT NULL COMMENT 'if not mcq',
  `no_of_questions` int(11) DEFAULT NULL,
  `passing_rate` int(11) NOT NULL,
  `type_id` int(11) NOT NULL COMMENT '1=Audio, 2=MCQ,3="Essay", 4= "Other fileupload"',
  `question_bank_id` int(11) DEFAULT NULL COMMENT 'If MCQ or type ==20',
  `author_user_id` int(11) NOT NULL,
  `attachment_file` text COLLATE utf8mb4_unicode_ci DEFAULT NULL,
  `srlz_questions` text COLLATE utf8mb4_unicode_ci DEFAULT NULL,
  `date_added` datetime NOT NULL DEFAULT current_timestamp(),
  `active` int(11) NOT NULL DEFAULT 1
) ENGINE=InnoDB DEFAULT CHARSET=utf8mb4 COLLATE=utf8mb4_unicode_ci;

--
-- Dumping data for table `tbl_assignment`
--

INSERT INTO `tbl_assignment` (`assignment_id`, `category_id`, `section_item_id`, `title`, `description`, `cover_photo`, `available_from`, `available_to`, `due_date`, `points`, `no_of_questions`, `passing_rate`, `type_id`, `question_bank_id`, `author_user_id`, `attachment_file`, `srlz_questions`, `date_added`, `active`) VALUES
(22, 1, 38, 'TEst Assignment Essay', 'Please Provide Essay', NULL, '2018-07-31 00:00:00', '2018-07-09 00:00:00', '2018-07-01 00:00:00', 10, NULL, 8, 3, NULL, 4, NULL, 'a:0:{}', '2018-07-11 20:20:55', 1),
(23, 1, 38, 'Test Assignment Audio ', 'Please recite multiplication table', NULL, '2018-07-31 00:00:00', '2018-07-31 00:00:00', '2018-07-01 00:00:00', 10, NULL, 10, 1, NULL, 4, 'audio_20180712-5b46d7996841d.mp3', 'a:0:{}', '2018-07-11 21:22:54', 1),
(24, 1, 38, 'Test Assignment File', 'Please upload image of cartesian plane of rene decartes', NULL, '2018-07-01 00:00:00', '2018-07-30 00:00:00', '2018-07-12 00:00:00', 10, NULL, 8, 4, NULL, 4, 'image_20180712-5b46d90d9ab33.jpg', 'a:0:{}', '2018-07-11 21:29:29', 1),
(27, 1, 25, 'Assignment : Addition MCQ I', 'Please Answer 5 questions from addition', NULL, '2018-07-24 00:00:00', '2018-07-31 00:00:00', '2018-07-31 00:00:00', 5, 5, 3, 2, 37, 3, NULL, 'a:5:{i:0;s:3:\"186\";i:1;s:3:\"187\";i:2;s:3:\"188\";i:3;s:3:\"189\";i:4;s:3:\"190\";}', '2018-07-24 08:41:27', 1),
(28, 1, 39, 'TEST ADJUSTED', 'TEST ', NULL, '2018-07-31 00:00:00', '2018-07-31 00:00:00', '2018-07-30 00:00:00', 10, NULL, 8, 3, NULL, 4, NULL, 'a:0:{}', '2018-07-29 15:45:30', 1),
(29, 1, 71, 'Test Essay Adjusted', 'Test EssayTest EssayTest EssayTest EssayTest EssayTest EssayTest EssayTest EssayTest EssayTest EssayTest EssayTest EssayTest EssayTest EssayTest EssayTest EssayTest EssayTest EssayTest EssayTest EssayTest EssayTest Essay', NULL, '2018-08-05 00:00:00', '2018-08-31 00:00:00', '2018-08-10 00:00:00', 10, NULL, 8, 3, NULL, 4, NULL, 'a:0:{}', '2018-08-02 07:40:57', 1);

-- --------------------------------------------------------

--
-- Table structure for table `tbl_assingment_submission`
--

CREATE TABLE `tbl_assingment_submission` (
  `assign_sumission_id` int(11) NOT NULL,
  `assignment_id` int(11) NOT NULL,
  `user_id` int(11) NOT NULL,
  `score` int(11) DEFAULT NULL,
  `retake_count` int(11) DEFAULT NULL,
  `answers` text COLLATE utf8mb4_unicode_ci DEFAULT NULL,
  `answer_essay` text COLLATE utf8mb4_unicode_ci DEFAULT NULL,
  `answer_attachment` text COLLATE utf8mb4_unicode_ci DEFAULT NULL,
  `status` int(11) DEFAULT 1 COMMENT '1=Complete, 2 = pending',
  `type` int(11) DEFAULT NULL,
  `teacher_comments` text COLLATE utf8mb4_unicode_ci DEFAULT NULL,
  `pass_failed` int(11) DEFAULT NULL COMMENT '1 = Passed, 2= Failed',
  `active` int(11) NOT NULL DEFAULT 1,
  `date_added` datetime NOT NULL DEFAULT current_timestamp(),
  `date_checked` datetime DEFAULT NULL
) ENGINE=InnoDB DEFAULT CHARSET=utf8mb4 COLLATE=utf8mb4_unicode_ci;

--
-- Dumping data for table `tbl_assingment_submission`
--

INSERT INTO `tbl_assingment_submission` (`assign_sumission_id`, `assignment_id`, `user_id`, `score`, `retake_count`, `answers`, `answer_essay`, `answer_attachment`, `status`, `type`, `teacher_comments`, `pass_failed`, `active`, `date_added`, `date_checked`) VALUES
(1, 22, 2, NULL, NULL, 'a:0:{}', 'teatadasd', NULL, 2, 3, NULL, NULL, 1, '2018-07-11 00:00:00', NULL),
(3, 23, 2, 3, NULL, 'a:0:{}', NULL, 'image_20180712-5b46e8b0760c7.jpg', 1, 1, 'test', 2, 1, '2018-07-11 22:35:45', '2018-07-14 19:35:02'),
(14, 22, 2, NULL, NULL, 'a:0:{}', 'sadasdasdasdas', NULL, 2, 3, NULL, NULL, 1, '2018-07-11 23:04:59', NULL),
(15, 22, 2, NULL, NULL, 'a:0:{}', 'dsfsfdsfsdfsdfsdfsd', NULL, 2, 3, NULL, NULL, 1, '2018-07-11 23:28:09', NULL),
(16, 24, 2, 9, NULL, 'a:0:{}', '', 'image_20180714-5b49d1435ae1b.jpg', 1, 4, 'test comments', 1, 1, '2018-07-14 18:32:37', '2018-07-14 19:32:29'),
(18, 27, 2, 4, NULL, 'a:5:{i:0;i:1;i:1;i:2;i:2;i:4;i:3;i:1;i:4;i:3;}', '', '', 1, 2, NULL, 1, 1, '2018-07-24 10:15:56', NULL),
(19, 27, 2, 5, NULL, 'a:5:{i:0;i:1;i:1;i:2;i:2;i:4;i:3;i:1;i:4;i:1;}', '', '', 1, 2, NULL, 1, 1, '2018-08-04 08:52:12', NULL);

-- --------------------------------------------------------

--
-- Table structure for table `tbl_cancellation_reasons`
--

CREATE TABLE `tbl_cancellation_reasons` (
  `c_reason_id` int(11) NOT NULL,
  `user_id` int(11) NOT NULL,
  `reasons` text COLLATE utf8mb4_unicode_ci NOT NULL,
  `date_cancellation` datetime NOT NULL DEFAULT current_timestamp()
) ENGINE=InnoDB DEFAULT CHARSET=utf8mb4 COLLATE=utf8mb4_unicode_ci;

--
-- Dumping data for table `tbl_cancellation_reasons`
--

INSERT INTO `tbl_cancellation_reasons` (`c_reason_id`, `user_id`, `reasons`, `date_cancellation`) VALUES
(1, 21, 'test here test', '2018-07-15 17:41:37');

-- --------------------------------------------------------

--
-- Table structure for table `tbl_category`
--

CREATE TABLE `tbl_category` (
  `category_id` int(11) NOT NULL,
  `category_title` varchar(50) NOT NULL,
  `category_desc` varchar(500) NOT NULL,
  `cover_photo` text DEFAULT NULL,
  `active` tinyint(1) NOT NULL DEFAULT 1,
  `date_added` datetime NOT NULL DEFAULT current_timestamp()
) ENGINE=InnoDB DEFAULT CHARSET=latin1;

--
-- Dumping data for table `tbl_category`
--

INSERT INTO `tbl_category` (`category_id`, `category_title`, `category_desc`, `cover_photo`, `active`, `date_added`) VALUES
(1, 'Math', 'MATH CATEGORY', 'image_20180723-5b552e5d31145.jpg', 1, '2018-05-14 18:49:06'),
(2, 'English', 'English', 'image_20180723-5b552e51602b0.jpg', 1, '2018-05-27 22:27:49'),
(8, 'Science', '', 'image_20180723-5b552e448983c.jpg', 1, '2018-06-06 00:11:53'),
(9, 'TEST', 'TEST', 'image_20180730-5b5f0ae0ed950.jpg', 1, '2018-07-30 05:56:03'),
(10, 'TEST2', 'TEST2', 'image_20180730-5b5f0aeed361d.jpg', 1, '2018-07-30 05:56:17'),
(11, 'English', 'This is an English subject', 'image_20180804-5b65a6a765121.jpg', 1, '2018-08-04 06:14:20');

-- --------------------------------------------------------

--
-- Table structure for table `tbl_category_section`
--

CREATE TABLE `tbl_category_section` (
  `category_section_id` int(11) NOT NULL,
  `section_title` varchar(255) COLLATE utf8mb4_unicode_ci NOT NULL,
  `section_description` text COLLATE utf8mb4_unicode_ci DEFAULT NULL,
  `category_id` int(11) NOT NULL,
  `date_added` datetime NOT NULL DEFAULT current_timestamp(),
  `active` int(11) NOT NULL DEFAULT 1
) ENGINE=InnoDB DEFAULT CHARSET=utf8mb4 COLLATE=utf8mb4_unicode_ci;

--
-- Dumping data for table `tbl_category_section`
--

INSERT INTO `tbl_category_section` (`category_section_id`, `section_title`, `section_description`, `category_id`, `date_added`, `active`) VALUES
(1, 'TEST', 'TEST', 8, '2018-07-26 09:04:21', 1),
(4, 'Addition', 'Addition Category Section', 1, '2018-07-28 10:55:21', 1),
(5, 'Grammar', 'Grammar Section', 2, '2018-07-28 20:43:53', 1),
(6, 'Grammar', 'English Grammar CEFR Level A1 to A2', 11, '2018-08-04 06:18:44', 1);

-- --------------------------------------------------------

--
-- Table structure for table `tbl_category_section_level`
--

CREATE TABLE `tbl_category_section_level` (
  `category_section_level_id` int(11) NOT NULL,
  `category_section_id` int(11) NOT NULL,
  `level_title` varchar(255) COLLATE utf8mb4_unicode_ci NOT NULL,
  `level_description` text COLLATE utf8mb4_unicode_ci DEFAULT NULL,
  `date_added` datetime NOT NULL DEFAULT current_timestamp(),
  `active` int(11) NOT NULL DEFAULT 1
) ENGINE=InnoDB DEFAULT CHARSET=utf8mb4 COLLATE=utf8mb4_unicode_ci;

--
-- Dumping data for table `tbl_category_section_level`
--

INSERT INTO `tbl_category_section_level` (`category_section_level_id`, `category_section_id`, `level_title`, `level_description`, `date_added`, `active`) VALUES
(1, 1, 'LEVEL1', 'Level I Description', '2018-07-26 09:57:06', 1),
(3, 4, 'Addition Level I', 'Addition Level I', '2018-07-28 10:55:34', 1),
(4, 4, 'Addition Level II', 'Addition Level II', '2018-07-28 10:55:47', 1),
(5, 5, 'Grammar Level I', 'Grammar Level I', '2018-07-28 20:44:04', 1),
(6, 6, 'Level A1 to A2', 'test', '2018-08-04 06:25:33', 1);

-- --------------------------------------------------------

--
-- Table structure for table `tbl_countries`
--

CREATE TABLE `tbl_countries` (
  `id` int(11) NOT NULL,
  `country_code` varchar(2) CHARACTER SET latin1 DEFAULT NULL,
  `country_name` varchar(45) CHARACTER SET latin1 DEFAULT NULL,
  `language` varchar(200) COLLATE utf8mb4_unicode_ci DEFAULT NULL
) ENGINE=InnoDB DEFAULT CHARSET=utf8mb4 COLLATE=utf8mb4_unicode_ci;

--
-- Dumping data for table `tbl_countries`
--

INSERT INTO `tbl_countries` (`id`, `country_code`, `country_name`, `language`) VALUES
(1, 'AF', 'Afghanistan', 'Pashto'),
(2, 'AX', 'Åland Islands', ''),
(3, 'AL', 'Albania', NULL),
(4, 'DZ', 'Algeria', NULL),
(5, 'AS', 'American Samoa', NULL),
(6, 'AD', 'Andorra', NULL),
(7, 'AO', 'Angola', NULL),
(8, 'AI', 'Anguilla', NULL),
(9, 'AQ', 'Antarctica', NULL),
(10, 'AG', 'Antigua and Barbuda', NULL),
(11, 'AR', 'Argentina', NULL),
(12, 'AM', 'Armenia', 'Armenian'),
(13, 'AW', 'Aruba', NULL),
(14, 'AU', 'Australia', NULL),
(15, 'AT', 'Austria', NULL),
(16, 'AZ', 'Azerbaijan', 'Azerbaijan'),
(17, 'BS', 'Bahamas', NULL),
(18, 'BH', 'Bahrain', 'Arabic'),
(19, 'BD', 'Bangladesh', 'Bengali'),
(20, 'BB', 'Barbados', NULL),
(21, 'BY', 'Belarus', NULL),
(22, 'BE', 'Belgium', NULL),
(23, 'BZ', 'Belize', NULL),
(24, 'BJ', 'Benin', NULL),
(25, 'BM', 'Bermuda', NULL),
(26, 'BT', 'Bhutan', 'Dzongkha'),
(27, 'BO', 'Bolivia, Plurinational St', NULL),
(28, 'BQ', 'Bonaire, Sint Eustatius a', NULL),
(29, 'BA', 'Bosnia and Herzegovina', NULL),
(30, 'BW', 'Botswana', NULL),
(31, 'BV', 'Bouvet Island', NULL),
(32, 'BR', 'Brazil', NULL),
(33, 'IO', 'British Indian Ocean Terr', NULL),
(34, 'BN', 'Brunei Darussalam', 'Malay'),
(35, 'BG', 'Bulgaria', NULL),
(36, 'BF', 'Burkina Faso', NULL),
(37, 'BI', 'Burundi', NULL),
(38, 'KH', 'Cambodia', 'Khmer'),
(39, 'CM', 'Cameroon', NULL),
(40, 'CA', 'Canada', NULL),
(41, 'CV', 'Cape Verde', NULL),
(42, 'KY', 'Cayman Islands', NULL),
(43, 'CF', 'Central African Republic', NULL),
(44, 'TD', 'Chad', NULL),
(45, 'CL', 'Chile', NULL),
(46, 'CN', 'China', 'Mandarin - 普通话'),
(47, 'CX', 'Christmas Island', NULL),
(48, 'CC', 'Cocos (Keeling) Islands', NULL),
(49, 'CO', 'Colombia', NULL),
(50, 'KM', 'Comoros', NULL),
(51, 'CG', 'Congo', NULL),
(52, 'CD', 'Congo, the Democratic Rep', NULL),
(53, 'CK', 'Cook Islands', NULL),
(54, 'CR', 'Costa Rica', NULL),
(55, 'CI', 'Côte d`Ivoire', NULL),
(56, 'HR', 'Croatia', NULL),
(57, 'CU', 'Cuba', NULL),
(58, 'CW', 'Curaçao', NULL),
(59, 'CY', 'Cyprus', 'Greek'),
(60, 'CZ', 'Czech Republic', NULL),
(61, 'DK', 'Denmark', NULL),
(62, 'DJ', 'Djibouti', NULL),
(63, 'DM', 'Dominica', NULL),
(64, 'DO', 'Dominican Republic', NULL),
(65, 'EC', 'Ecuador', NULL),
(66, 'EG', 'Egypt', NULL),
(67, 'SV', 'El Salvado', NULL),
(68, 'GQ', 'Equatorial Guinea', NULL),
(69, 'ER', 'Eritrea', NULL),
(70, 'EE', 'Estonia', NULL),
(71, 'ET', 'Ethiopia', NULL),
(72, 'FK', 'Falkland Islands (Malvina', NULL),
(73, 'FO', 'Faroe Islands', NULL),
(74, 'FJ', 'Fiji', NULL),
(75, 'FI', 'Finland', NULL),
(76, 'FR', 'France', NULL),
(77, 'GF', 'French Guiana', NULL),
(78, 'PF', 'French Polynesia', NULL),
(79, 'TF', 'French Southern Territori', NULL),
(80, 'GA', 'Gabon', NULL),
(81, 'GM', 'Gambia', NULL),
(82, 'GE', 'Georgia', NULL),
(83, 'DE', 'Germany', NULL),
(84, 'GH', 'Ghana', NULL),
(85, 'GI', 'Gibraltar', NULL),
(86, 'GR', 'Greece', NULL),
(87, 'GL', 'Greenland', NULL),
(88, 'GD', 'Grenada', NULL),
(89, 'GP', 'Guadeloupe', NULL),
(90, 'GU', 'Guam', NULL),
(91, 'GT', 'Guatemala', NULL),
(92, 'GG', 'Guernsey', NULL),
(93, 'GN', 'Guinea', NULL),
(94, 'GW', 'Guinea-Bissau', NULL),
(95, 'GY', 'Guyana', NULL),
(96, 'HT', 'Haiti', NULL),
(97, 'HM', 'Heard Island and McDonald', NULL),
(98, 'VA', 'Holy See (Vatican City St', NULL),
(99, 'HN', 'Honduras', NULL),
(100, 'HK', 'Hong Kong', NULL),
(101, 'HU', 'Hungary', NULL),
(102, 'IS', 'Iceland', NULL),
(103, 'IN', 'India', 'Hindi'),
(104, 'ID', 'Indonesia', 'Bahasa Indonesia'),
(105, 'IR', 'Iran, Islamic Republic of', 'Persian'),
(106, 'IQ', 'Iraq', 'Kurdish '),
(107, 'IE', 'Ireland', NULL),
(108, 'IM', 'Isle of Man', NULL),
(109, 'IL', 'Israel', NULL),
(110, 'IT', 'Italy', NULL),
(111, 'JM', 'Jamaica', NULL),
(112, 'JP', 'Japan', '日本語'),
(113, 'JE', 'Jersey', NULL),
(114, 'JO', 'Jordan', NULL),
(115, 'KZ', 'Kazakhstan', 'Қазақша'),
(116, 'KE', 'Kenya', NULL),
(117, 'KI', 'Kiribati', NULL),
(118, 'KP', 'Korea, Democratic People`', NULL),
(119, 'KR', 'Korea, Republic of', '한국어/조선말'),
(120, 'KW', 'Kuwait', NULL),
(121, 'KG', 'Kyrgyzstan', NULL),
(122, 'LA', 'Lao People`s Democratic R', 'ພາສາລາວ'),
(123, 'LV', 'Latvia', NULL),
(124, 'LB', 'Lebanon', NULL),
(125, 'LS', 'Lesotho', NULL),
(126, 'LR', 'Liberia', NULL),
(127, 'LY', 'Libya', NULL),
(128, 'LI', 'Liechtenstein', NULL),
(129, 'LT', 'Lithuania', NULL),
(130, 'LU', 'Luxembourg', NULL),
(131, 'MO', 'Macao', NULL),
(132, 'MK', 'Macedonia, the former Yug', NULL),
(133, 'MG', 'Madagascar', NULL),
(134, 'MW', 'Malawi', NULL),
(135, 'MY', 'Malaysia', 'Bahasa '),
(136, 'MV', 'Maldives', NULL),
(137, 'ML', 'Mali', NULL),
(138, 'MT', 'Malta', NULL),
(139, 'MH', 'Marshall Islands', NULL),
(140, 'MQ', 'Martinique', NULL),
(141, 'MR', 'Mauritania', NULL),
(142, 'MU', 'Mauritius', NULL),
(143, 'YT', 'Mayotte', NULL),
(144, 'FM', 'Micronesia, Federated Sta', NULL),
(145, 'MD', 'Moldova, Republic of', NULL),
(146, 'MC', 'Monaco', NULL),
(147, 'MN', 'Mongolia', NULL),
(148, 'ME', 'Montenegro', NULL),
(149, 'MS', 'Montserrat', NULL),
(150, 'MA', 'Morocco', NULL),
(151, 'MZ', 'Mozambique', NULL),
(152, 'MM', 'Myanmar', NULL),
(153, 'NA', 'Namibia', NULL),
(154, 'NR', 'Nauru', NULL),
(155, 'NP', 'Nepal', NULL),
(156, 'NL', 'Netherlands', NULL),
(157, 'NC', 'New Caledonia', NULL),
(158, 'NZ', 'New Zealand', NULL),
(159, 'NI', 'Nicaragua', NULL),
(160, 'NE', 'Niger', NULL),
(161, 'NG', 'Nigeria', NULL),
(162, 'NU', 'Niue', NULL),
(163, 'NF', 'Norfolk Island', NULL),
(164, 'MP', 'Northern Mariana Islands', NULL),
(165, 'NO', 'Norway', NULL),
(166, 'OM', 'Oman', NULL),
(167, 'PK', 'Pakistan', NULL),
(168, 'PW', 'Palau', NULL),
(169, 'PS', 'Palestinian Territory, Oc', NULL),
(170, 'PA', 'Panama', NULL),
(171, 'PG', 'Papua New Guinea', NULL),
(172, 'PY', 'Paraguay', NULL),
(173, 'PE', 'Peru', NULL),
(174, 'PH', 'Philippines', 'Filipino'),
(175, 'PN', 'Pitcairn', NULL),
(176, 'PL', 'Poland', NULL),
(177, 'PT', 'Portugal', NULL),
(178, 'PR', 'Puerto Rico', NULL),
(179, 'QA', 'Qatar', NULL),
(180, 'RE', 'Réunion', NULL),
(181, 'RO', 'Romania', NULL),
(182, 'RU', 'Russian Federation', NULL),
(183, 'RW', 'Rwanda', NULL),
(184, 'BL', 'Saint Barthélemy', NULL),
(185, 'SH', 'Saint Helena, Ascension a', NULL),
(186, 'KN', 'Saint Kitts and Nevis', NULL),
(187, 'LC', 'Saint Lucia', NULL),
(188, 'MF', 'Saint Martin (French part', NULL),
(189, 'PM', 'Saint Pierre and Miquelon', NULL),
(190, 'VC', 'Saint Vincent and the Gre', NULL),
(191, 'WS', 'Samoa', NULL),
(192, 'SM', 'San Marino', NULL),
(193, 'ST', 'Sao Tome and Principe', NULL),
(194, 'SA', 'Saudi Arabia', NULL),
(195, 'SN', 'Senegal', NULL),
(196, 'RS', 'Serbia', NULL),
(197, 'SC', 'Seychelles', NULL),
(198, 'SL', 'Sierra Leone', NULL),
(199, 'SG', 'Singapore', NULL),
(200, 'SX', 'Sint Maarten (Dutch part)', NULL),
(201, 'SK', 'Slovakia', NULL),
(202, 'SI', 'Slovenia', NULL),
(203, 'SB', 'Solomon Islands', NULL),
(204, 'SO', 'Somalia', NULL),
(205, 'ZA', 'South Africa', NULL),
(206, 'GS', 'South Georgia and the Sou', NULL),
(207, 'SS', 'South Sudan', NULL),
(208, 'ES', 'Spain', NULL),
(209, 'LK', 'Sri Lanka', NULL),
(210, 'SD', 'Sudan', NULL),
(211, 'SR', 'Suriname', NULL),
(212, 'SJ', 'Svalbard and Jan Mayen', NULL),
(213, 'SZ', 'Swaziland', NULL),
(214, 'SE', 'Sweden', NULL),
(215, 'CH', 'Switzerland', NULL),
(216, 'SY', 'Syrian Arab Republic', NULL),
(217, 'TW', 'Taiwan, Province of China', NULL),
(218, 'TJ', 'Tajikistan', NULL),
(219, 'TZ', 'Tanzania, United Republic', NULL),
(220, 'TH', 'Thailand', NULL),
(221, 'TL', 'Timor-Leste', NULL),
(222, 'TG', 'Togo', NULL),
(223, 'TK', 'Tokelau', NULL),
(224, 'TO', 'Tonga', NULL),
(225, 'TT', 'Trinidad and Tobago', NULL),
(226, 'TN', 'Tunisia', NULL),
(227, 'TR', 'Turkey', NULL),
(228, 'TM', 'Turkmenistan', NULL),
(229, 'TC', 'Turks and Caicos Islands', NULL),
(230, 'TV', 'Tuvalu', NULL),
(231, 'UG', 'Uganda', NULL),
(232, 'UA', 'Ukraine', NULL),
(233, 'AE', 'United Arab Emirates', NULL),
(234, 'GB', 'United Kingdom', NULL),
(235, 'US', 'United States', NULL),
(236, 'UM', 'United States Minor Outly', NULL),
(237, 'UY', 'Uruguay', NULL),
(238, 'UZ', 'Uzbekistan', NULL),
(239, 'VU', 'Vanuatu', NULL),
(240, 'VE', 'Venezuela, Bolivarian Rep', NULL),
(241, 'VN', 'Viet Nam', 'Tiếng Việt'),
(242, 'VG', 'Virgin Islands, British', NULL),
(243, 'VI', 'Virgin Islands, U.S.', NULL),
(244, 'WF', 'Wallis and Futuna', NULL),
(245, 'EH', 'Western Sahara', NULL),
(246, 'YE', 'Yemen', NULL),
(247, 'ZM', 'Zambia', NULL),
(248, 'ZW', 'Zimbabwe', NULL);

-- --------------------------------------------------------

--
-- Table structure for table `tbl_course`
--

CREATE TABLE `tbl_course` (
  `course_id` int(11) NOT NULL,
  `course_title` varchar(255) NOT NULL,
  `course_excerpt` varchar(500) DEFAULT NULL,
  `course_description` text DEFAULT NULL,
  `course_category` int(11) NOT NULL,
  `category_section_id` int(11) DEFAULT NULL,
  `category_section_level_id` int(11) DEFAULT NULL,
  `course_cover_image` text DEFAULT NULL,
  `author_user_id` int(11) NOT NULL,
  `no_of_questions` int(11) DEFAULT NULL,
  `passing_rate` int(11) DEFAULT NULL,
  `retake_allowed` int(11) DEFAULT NULL,
  `time_limit` int(11) NOT NULL DEFAULT 0,
  `date_added` datetime NOT NULL DEFAULT current_timestamp(),
  `student_enrolled` int(11) NOT NULL DEFAULT 0,
  `course_section_id` int(11) DEFAULT NULL COMMENT 'added to ease the implementation of client request',
  `section_item_id` int(11) DEFAULT NULL COMMENT 'for type=3 only ',
  `active` int(11) NOT NULL DEFAULT 1
) ENGINE=InnoDB DEFAULT CHARSET=latin1;

--
-- Dumping data for table `tbl_course`
--

INSERT INTO `tbl_course` (`course_id`, `course_title`, `course_excerpt`, `course_description`, `course_category`, `category_section_id`, `category_section_level_id`, `course_cover_image`, `author_user_id`, `no_of_questions`, `passing_rate`, `retake_allowed`, `time_limit`, `date_added`, `student_enrolled`, `course_section_id`, `section_item_id`, `active`) VALUES
(11, 'Elementary Math', 'A Simple Course Exam for kids', 'Lorem ipsum dolor sit amet, mea maiorum scaevola expetenda ex, nihil impetus sea ne, quo cu ullum senserit.\n\n     Ne putant eripuit suavitate est, ea mea diceret appellantur, vim ea mollis feugait, im ea mollis feugait, im ea mollis feugait, im ea mollis feugait ea mea diceret appellantur, vim ea mollis feugait, im ea mollis feugait, im ea mollis feugait, im ea mollis feugait', 1, NULL, NULL, 'image_20180705-5b3daaa46be6e.jpg', 4, 5, 1, 2, 0, '2018-06-06 01:28:55', 6, NULL, NULL, 0),
(19, 'English Exam Vol. 1', NULL, 'English Exam sample', 2, NULL, NULL, 'image_20180619-5b28b603c4d3e.jpg', 4, 20, 10, 3, 0, '2018-06-22 21:38:35', 0, NULL, NULL, 0),
(33, 'Simple Math 101', 'toavoid', 'Simple Math 101', 1, NULL, NULL, 'image_20180705-5b3daaa46be6e.jpg', 3, 5, 4, 3, 120, '2018-07-04 22:20:38', 3, NULL, 24, 1),
(38, 'Math', 'toavoid', 'Collection of Questions under Math', 1, 4, 3, 'image_20180709-5b434c617837a.jpg', 4, 25, 20, 2, 120, '2018-07-09 04:52:10', 2, NULL, 37, 0),
(39, 'English Exam Vol. 1', 'toavoid', 'This English Exam consists of tests and worksheets related to the subject English', 2, 5, 5, 'image_20180709-5b43523c2c464.jpg', 4, 50, 25, 1, 60, '2018-07-09 05:18:22', 0, NULL, 43, 1),
(43, 'TEST', NULL, 'TEST', 1, 4, 3, '', 4, 8, 5, 4, 0, '2018-07-28 18:40:22', 0, NULL, 53, 0),
(44, 'TEST AGAIN', NULL, 'TEST AGAIN', 1, 4, 3, 'image_20180728-5b5c5e02867fe.jpg', 4, 10, 8, 4, 0, '2018-07-28 20:15:26', 0, NULL, 54, 0),
(45, 'TEST', NULL, 'asdasdasda', 1, 4, 3, 'image_20180728-5b5c5e02867fe.jpg', 4, 10, 7, 2, 0, '2018-07-29 11:39:11', 0, NULL, 55, 0),
(46, 'Math Test 0731', NULL, 'Math Test 0731', 1, 4, 3, 'image_20180728-5b5c5e02867fe.jpg', 4, 10, 5, 4, 26, '2018-07-31 07:39:32', 1, NULL, 66, 1);

-- --------------------------------------------------------

--
-- Table structure for table `tbl_course_section`
--

CREATE TABLE `tbl_course_section` (
  `course_section_id` int(11) NOT NULL,
  `section_title` varchar(255) NOT NULL,
  `section_description` text DEFAULT NULL,
  `course_id` int(11) NOT NULL
) ENGINE=InnoDB DEFAULT CHARSET=latin1;

--
-- Dumping data for table `tbl_course_section`
--

INSERT INTO `tbl_course_section` (`course_section_id`, `section_title`, `section_description`, `course_id`) VALUES
(9, 'Basic Addition', 'Contains series of worksheets that can jumpstart your brain. It provides a lot of mathematical thinking involving Addition. Futher more enhancing your kid.', 11),
(11, 'Basic Substraction', 'Contains series of Substraction Questions', 11),
(12, 'TEST SECTION', 'TEST TEST', 21),
(13, 'Adjusted Section I', 'Adjusted Section I', 24),
(14, 'Adjusted Section II', 'Adjusted Section II', 24),
(15, 'Adjusted Section III', 'Adjusted Section III', 24),
(16, 'Adjusted Section IV', 'Adjusted Section IV', 24),
(17, 'TEST SECTION', 'TEST SECTION', 32),
(18, 'Addition', 'Addition', 33),
(19, 'Grammar', 'Grammar', 36),
(20, 'Addition', 'Math Addition Test', 38),
(24, 'Vocabulary', 'This is a Vocabulary Section', 39),
(25, 'TEST', NULL, 45),
(26, 'Math Test 0731', 'Math Test 0731', 46);

-- --------------------------------------------------------

--
-- Table structure for table `tbl_course_section_item`
--

CREATE TABLE `tbl_course_section_item` (
  `section_item_id` int(11) NOT NULL,
  `item_type` int(11) NOT NULL COMMENT '1 = WorkSheet, 2 = Unit Test',
  `course_id` int(11) NOT NULL,
  `section_id` int(11) NOT NULL,
  `title` varchar(255) NOT NULL,
  `description` text DEFAULT NULL,
  `ws_bank_id` int(11) DEFAULT NULL COMMENT 'applicable only if item is worksheet type',
  `ut_serialize_ws_id` text DEFAULT NULL COMMENT 'applicable only if item is unit test type',
  `answer_type` int(11) DEFAULT NULL COMMENT '1 = multi_choice 2 = essay, 3 = Mixed',
  `no_of_question` int(11) NOT NULL DEFAULT 10,
  `passing_rate` int(11) NOT NULL DEFAULT 5,
  `time_limit` int(11) DEFAULT 0,
  `retake_count` int(11) DEFAULT 0,
  `date_added` datetime NOT NULL DEFAULT current_timestamp()
) ENGINE=InnoDB DEFAULT CHARSET=latin1;

--
-- Dumping data for table `tbl_course_section_item`
--

INSERT INTO `tbl_course_section_item` (`section_item_id`, `item_type`, `course_id`, `section_id`, `title`, `description`, `ws_bank_id`, `ut_serialize_ws_id`, `answer_type`, `no_of_question`, `passing_rate`, `time_limit`, `retake_count`, `date_added`) VALUES
(1, 1, 8, 3, 'New WorkSheet', 'New WorkSheet', 24, NULL, 1, 10, 5, 0, 0, '2018-06-02 23:25:36'),
(2, 1, 8, 3, 'TEST WORKSHEET 2', 'TEST WORKSHEET 2', 24, NULL, 1, 10, 5, 0, 0, '2018-06-02 23:28:30'),
(3, 1, 7, 2, 'asd', 'asdasd', 24, NULL, 1, 10, 5, 0, 0, '2018-06-02 23:29:44'),
(4, 1, 7, 5, 'asd', 'asdsad', 24, NULL, 1, 10, 5, 0, 0, '2018-06-02 23:30:40'),
(5, 1, 8, 3, 'TESTWORKSHEET3', 'TESTWORKSHEET3', 24, NULL, 1, 10, 5, 0, 0, '2018-06-02 23:53:28'),
(6, 1, 8, 6, 'TESTWORKSHEET', 'TESTWORKSHEET', 24, NULL, 1, 10, 5, 0, 0, '2018-06-03 00:18:22'),
(8, 1, 8, 8, 'TEST WORKSHEET', 'TEST WORKSHEET', 24, NULL, 1, 10, 5, 0, 0, '2018-06-02 10:28:54'),
(9, 1, 11, 9, 'Basic Addition I', 'Basic Addition I', 29, NULL, 1, 10, 5, 0, 0, '2018-06-06 01:30:32'),
(10, 1, 11, 9, 'Basic Addition II', 'Basic Addition II', 29, NULL, 1, 12, 5, 0, 0, '2018-06-12 11:49:16'),
(11, 1, 8, 3, 'test', 'test', 24, NULL, 1, 10, 8, NULL, NULL, '2018-06-15 02:10:37'),
(14, 1, 11, 11, 'Basic Substraction I', 'Basic Substraction I', 30, NULL, 1, 3, 2, NULL, NULL, '2018-06-15 11:16:01'),
(16, 2, 11, 9, 'Basic Addition Unit Test', 'Basic Addition Unit Test', NULL, NULL, 1, 12, 8, 5, 2, '2018-06-17 02:48:00'),
(17, 1, 24, 13, 'ADJUSTED FLOW WORKSHEET I', 'ADJUSTED FLOW WORKSHEET I', 35, NULL, 1, 10, 5, NULL, 3, '2018-06-30 21:31:32'),
(18, 1, 24, 13, 'ADJUSTED FLOW WORKSHEET II', NULL, 34, NULL, 1, 10, 5, NULL, 3, '2018-06-30 22:14:47'),
(20, 2, 24, 13, 'TEST ADJUSTED UNIT TEST', 'TEST ADJUSTED UNIT TEST', NULL, 'a:1:{i:0;s:2:\"17\";}', 1, 10, 9, 25, 2, '2018-06-30 22:35:16'),
(21, 3, 30, 0, 'NEW EXAM with Grades', 'NEW EXAM with Grades', NULL, 'N;', 0, 1, 1, 1, 3, '2018-07-04 15:19:23'),
(22, 3, 31, 0, 'NEW EXAM with Grades', 'NEW EXAM with Grades', NULL, 'N;', 0, 1, 1, 1, 3, '2018-07-04 15:19:57'),
(23, 3, 32, 0, 'NEW EXAM with Grades ', 'NEW EXAM with Grades ', 0, 'a:0:{}', 0, 1, 80, 1, 3, '2018-07-04 15:26:11'),
(24, 3, 33, 0, 'Simple Math 101', 'Simple Math 101', 0, 'a:0:{}', 0, 5, 4, 120, 3, '2018-07-04 22:20:39'),
(25, 1, 33, 18, 'Addition Worksheet 1', 'Addition Worksheet 1', 37, 'N;', 1, 3, 2, 25, 1, '2018-07-04 22:31:37'),
(26, 1, 33, 18, 'Addition Worksheet I I', 'Addition Worksheet I I', 37, 'N;', 1, 4, 3, 0, 2, '2018-07-04 22:32:15'),
(27, 2, 33, 18, 'Unit Test ', 'Unit Test ', NULL, 'a:2:{i:0;s:2:\"25\";i:1;s:2:\"26\";}', 1, 5, 5, 20, 0, '2018-07-04 22:43:49'),
(28, 3, 34, 0, 'RE TEST EXAM', 'RE TEST EXAM', 0, 'a:0:{}', 0, 100, 80, 120, 3, '2018-07-04 23:17:05'),
(29, 3, 35, 0, 'RE TEST EXAM', 'RE TEST EXAM', 0, 'a:0:{}', 0, 100, 80, 120, 3, '2018-07-04 23:19:59'),
(30, 3, 36, 0, 'English Exam', 'English Exam', 0, 'a:0:{}', 0, 100, 80, 120, 2, '2018-07-05 00:40:51'),
(31, 1, 36, 19, 'Grammar I', 'Grammar I', 31, 'N;', 1, 20, 15, 0, 3, '2018-07-05 00:43:23'),
(32, 1, 36, 19, 'Grammar II', 'Grammar II', 31, 'N;', 1, 25, 20, 20, 2, '2018-07-05 00:43:52'),
(33, 1, 36, 19, 'Grammar III', 'Grammar III', 31, 'N;', 1, 25, 22, 15, 1, '2018-07-05 00:44:19'),
(34, 1, 36, 19, 'Grammar IV', 'Grammar IV', 31, 'N;', 1, 20, 15, 10, 2, '2018-07-05 00:44:46'),
(35, 2, 36, 19, 'Grammar Unit Test', 'Grammar Unit Test', NULL, 'a:4:{i:0;s:2:\"31\";i:1;s:2:\"32\";i:2;s:2:\"33\";i:3;s:2:\"34\";}', 1, 50, 40, 30, 0, '2018-07-05 00:45:30'),
(36, 3, 37, 0, 'TEST', 'TEST', 0, 'a:0:{}', 0, 4, 3, 1, 4, '2018-07-05 00:50:41'),
(37, 3, 38, 0, 'Math', 'Collection of Questions under Math', 0, 'a:0:{}', 0, 25, 20, 120, 2, '2018-07-09 04:52:10'),
(38, 1, 38, 20, 'Addition I', 'First Worksheet for Math Addition', 38, 'N;', 1, 5, 3, 5, 2, '2018-07-09 05:00:26'),
(39, 1, 38, 20, 'Addition II', 'Second Worksheet for Math Addition ', 38, 'N;', 1, 5, 3, 5, 1, '2018-07-09 05:01:02'),
(40, 1, 38, 20, 'Addition III', '3rd Addition Worksheet', 38, 'N;', 1, 5, 3, 5, 1, '2018-07-09 05:01:45'),
(41, 1, 38, 20, 'Addition IV', 'Final Worksheet for Addition', 38, 'N;', 1, 5, 3, 5, 1, '2018-07-09 05:02:21'),
(43, 3, 39, 24, 'English Exam Vol. 1', 'This English Exam consists of tests and worksheets related to the subject English', 0, 'a:0:{}', 0, 50, 25, 60, 1, '2018-07-09 05:18:22'),
(44, 1, 39, 24, 'WORKSHEET 1: English Grammar CEFR Lvl A1 Vol. 1.1', 'This is a Worksheet', 39, 'N;', 1, 50, 25, 0, 3, '2018-07-09 06:10:33'),
(45, 2, 39, 24, 'TEST 1: English Vocabulary CEFR Lvl A1 Vol. 1', 'This is a Test', NULL, 'a:1:{i:0;s:2:\"44\";}', 1, 50, 25, 25, 1, '2018-07-09 06:21:37'),
(46, 3, 40, 0, 'sdadasd', 'tetete', 0, 'a:0:{}', 0, 10, 1, 120, 1, '2018-07-10 22:45:53'),
(47, 1, 33, 18, 'Addition Essay Worksheet ', 'Addition Essay Worksheet ', 40, 'N;', 2, 3, 2, 60, 3, '2018-07-14 12:23:17'),
(48, 3, 41, 0, 'Test', 'Test', 0, 'a:0:{}', 0, 50, 25, 50, 1, '2018-07-14 07:40:57'),
(51, 2, 38, 20, 'Addition Unit Test', 'Addition Unit Test', NULL, 'a:4:{i:0;s:2:\"38\";i:1;s:2:\"39\";i:2;s:2:\"40\";i:3;s:2:\"41\";}', 1, 10, 8, 25, 2, '2018-07-21 17:09:22'),
(52, 3, 42, 0, 'TEST', 'TEST', 0, 'a:0:{}', 0, 10, 8, 0, NULL, '2018-07-28 18:38:48'),
(53, 3, 43, 0, 'TEST', 'TEST', 0, 'a:0:{}', 0, 8, 5, 0, 4, '2018-07-28 18:40:22'),
(54, 3, 44, 0, 'TEST AGAIN', 'TEST AGAIN', 0, 'a:0:{}', 0, 10, 8, 0, 4, '2018-07-28 20:15:26'),
(55, 3, 45, 0, 'TEST', 'asdasdasda', 0, 'a:0:{}', NULL, 10, 7, 0, 2, '2018-07-29 11:39:11'),
(56, 1, 45, 4, 'TEST WORKSHEET', 'TEST WORKSHEET', 38, 'N;', 1, 10, 8, 0, 1, '2018-07-29 12:11:06'),
(57, 1, 45, 25, 'RE TEST WORKSHEET', 'RE TEST WORKSHEET', 38, 'N;', 1, 10, 7, 0, 3, '2018-07-29 12:29:41'),
(58, 1, 45, 25, 'RE WORKSHEET II', 'RE WORKSHEET II', 38, 'N;', 1, 10, 7, 0, 2, '2018-07-29 14:10:20'),
(59, 1, 45, 25, 'RE WORKSHEET III', 'RE WORKSHEET III', 38, 'N;', 1, 10, 7, 3, 2, '2018-07-29 14:15:27'),
(65, 2, 45, 25, 'RE UNIT TEST', 'RE UNIT TEST', NULL, 'a:3:{i:0;s:2:\"57\";i:1;s:2:\"58\";i:2;s:2:\"59\";}', 3, 10, 7, 25, 3, '2018-07-29 14:44:23'),
(66, 3, 46, 26, 'Math Test 0731', 'Math Test 0731', 0, 'a:0:{}', 3, 10, 5, 26, 4, '2018-07-31 07:39:32'),
(67, 1, 46, 26, 'Addition Worksheet I', 'Addition Worksheet I', 38, 'N;', 1, 5, 3, 6, 3, '2018-07-31 07:40:01'),
(68, 1, 46, 26, 'Addition Worksheet II', 'Addition Worksheet II', 38, 'N;', 1, 5, 3, 6, 2, '2018-07-31 07:40:20'),
(70, 1, 46, 26, 'Addition Worksheet III', 'Addition Worksheet III', 38, 'N;', 1, 5, 3, 6, 2, '2018-07-31 07:40:51'),
(71, 1, 46, 26, 'Addition Worksheet IV', 'Addition Worksheet IV', 38, 'N;', 1, 7, 5, 0, 2, '2018-07-31 07:41:09'),
(72, 2, 46, 26, 'Addition Unit Test', 'Addition Unit Test', NULL, 'a:4:{i:0;s:2:\"67\";i:1;s:2:\"68\";i:2;s:2:\"70\";i:3;s:2:\"71\";}', 3, 10, 8, 25, 3, '2018-07-31 07:41:27'),
(73, 1, 46, 26, 'Test', 'Test', 30, 'N;', 1, 20, 10, 20, 3, '2018-08-06 07:16:37');

-- --------------------------------------------------------

--
-- Table structure for table `tbl_course_section_progress`
--

CREATE TABLE `tbl_course_section_progress` (
  `section_progress_id` int(11) NOT NULL,
  `user_id` int(11) NOT NULL,
  `section_item_id` int(11) NOT NULL,
  `questions` text NOT NULL COMMENT 'SERIALIZE Question ID''s',
  `score` int(11) DEFAULT 0,
  `answers` text DEFAULT NULL,
  `status` int(11) DEFAULT 1 COMMENT '0 = CANCELLED 1=INPROGRESS 2 = PENDING = 3 COMPLETED',
  `wrong_answer_question_ids` text DEFAULT NULL,
  `pass_failed` int(11) DEFAULT 0 COMMENT '0 = not  completed, 1 = Passed, 2= Failed',
  `active` int(11) NOT NULL DEFAULT 1,
  `date_added` datetime NOT NULL DEFAULT current_timestamp(),
  `date_approved` datetime DEFAULT NULL COMMENT 'For exams with essays that needed to be checked by teachers'
) ENGINE=InnoDB DEFAULT CHARSET=latin1;

--
-- Dumping data for table `tbl_course_section_progress`
--

INSERT INTO `tbl_course_section_progress` (`section_progress_id`, `user_id`, `section_item_id`, `questions`, `score`, `answers`, `status`, `wrong_answer_question_ids`, `pass_failed`, `active`, `date_added`, `date_approved`) VALUES
(13, 2, 9, 'a:10:{i:0;a:1:{s:11:\"question_id\";s:2:\"22\";}i:1;a:1:{s:11:\"question_id\";s:2:\"17\";}i:2;a:1:{s:11:\"question_id\";s:2:\"21\";}i:3;a:1:{s:11:\"question_id\";s:2:\"25\";}i:4;a:1:{s:11:\"question_id\";s:2:\"26\";}i:5;a:1:{s:11:\"question_id\";s:2:\"20\";}i:6;a:1:{s:11:\"question_id\";s:2:\"18\";}i:7;a:1:{s:11:\"question_id\";s:2:\"16\";}i:8;a:1:{s:11:\"question_id\";s:2:\"23\";}i:9;a:1:{s:11:\"question_id\";s:2:\"19\";}}', 9, 'a:10:{i:0;i:3;i:1;i:1;i:2;i:3;i:3;i:3;i:4;i:2;i:5;i:2;i:6;i:1;i:7;i:3;i:8;i:4;i:9;i:4;}', 3, 'a:10:{i:0;i:0;i:1;i:0;i:2;s:2:\"30\";i:3;i:0;i:4;i:0;i:5;i:0;i:6;i:0;i:7;i:0;i:8;i:0;i:9;i:0;}', 1, 1, '2018-06-12 21:35:44', NULL),
(14, 2, 5, 'a:5:{i:0;a:1:{s:11:\"question_id\";s:2:\"15\";}i:1;a:1:{s:11:\"question_id\";s:2:\"11\";}i:2;a:1:{s:11:\"question_id\";s:2:\"14\";}i:3;a:1:{s:11:\"question_id\";s:2:\"13\";}i:4;a:1:{s:11:\"question_id\";s:2:\"12\";}}', 0, NULL, 1, NULL, 0, 1, '2018-06-13 21:22:59', NULL),
(15, 2, 10, 'a:11:{i:0;a:1:{s:11:\"question_id\";s:2:\"20\";}i:1;a:1:{s:11:\"question_id\";s:2:\"18\";}i:2;a:1:{s:11:\"question_id\";s:2:\"22\";}i:3;a:1:{s:11:\"question_id\";s:2:\"23\";}i:4;a:1:{s:11:\"question_id\";s:2:\"26\";}i:5;a:1:{s:11:\"question_id\";s:2:\"25\";}i:6;a:1:{s:11:\"question_id\";s:2:\"21\";}i:7;a:1:{s:11:\"question_id\";s:2:\"17\";}i:8;a:1:{s:11:\"question_id\";s:2:\"16\";}i:9;a:1:{s:11:\"question_id\";s:2:\"24\";}i:10;a:1:{s:11:\"question_id\";s:2:\"19\";}}', 0, NULL, 1, NULL, 0, 1, '2018-06-13 21:27:13', NULL),
(16, 2, 6, 'a:5:{i:0;a:1:{s:11:\"question_id\";s:2:\"14\";}i:1;a:1:{s:11:\"question_id\";s:2:\"11\";}i:2;a:1:{s:11:\"question_id\";s:2:\"12\";}i:3;a:1:{s:11:\"question_id\";s:2:\"15\";}i:4;a:1:{s:11:\"question_id\";s:2:\"13\";}}', 0, NULL, 1, NULL, 0, 1, '2018-06-13 21:27:31', NULL),
(17, 4, 9, 'a:10:{i:0;a:1:{s:11:\"question_id\";s:2:\"16\";}i:1;a:1:{s:11:\"question_id\";s:2:\"22\";}i:2;a:1:{s:11:\"question_id\";s:2:\"20\";}i:3;a:1:{s:11:\"question_id\";s:2:\"23\";}i:4;a:1:{s:11:\"question_id\";s:2:\"25\";}i:5;a:1:{s:11:\"question_id\";s:2:\"24\";}i:6;a:1:{s:11:\"question_id\";s:2:\"18\";}i:7;a:1:{s:11:\"question_id\";s:2:\"26\";}i:8;a:1:{s:11:\"question_id\";s:2:\"17\";}i:9;a:1:{s:11:\"question_id\";s:2:\"21\";}}', 0, NULL, 1, NULL, 0, 1, '2018-06-13 21:28:42', NULL),
(18, 2, 8, 'a:5:{i:0;a:1:{s:11:\"question_id\";s:2:\"15\";}i:1;a:1:{s:11:\"question_id\";s:2:\"12\";}i:2;a:1:{s:11:\"question_id\";s:2:\"11\";}i:3;a:1:{s:11:\"question_id\";s:2:\"13\";}i:4;a:1:{s:11:\"question_id\";s:2:\"14\";}}', 0, NULL, 1, NULL, 0, 1, '2018-06-14 22:05:48', NULL),
(19, 2, 14, 'a:3:{i:0;a:1:{s:11:\"question_id\";s:2:\"29\";}i:1;a:1:{s:11:\"question_id\";s:2:\"27\";}i:2;a:1:{s:11:\"question_id\";s:2:\"28\";}}', 2, 'a:3:{i:0;i:4;i:1;i:1;i:2;i:3;}', 3, 'a:3:{i:0;s:2:\"28\";i:1;i:0;i:2;i:0;}', 1, 1, '2018-06-15 11:20:49', NULL),
(20, 2, 16, 'a:11:{i:0;a:1:{s:11:\"question_id\";s:2:\"16\";}i:1;a:1:{s:11:\"question_id\";s:2:\"26\";}i:2;a:1:{s:11:\"question_id\";s:2:\"25\";}i:3;a:1:{s:11:\"question_id\";s:2:\"19\";}i:4;a:1:{s:11:\"question_id\";s:2:\"17\";}i:5;a:1:{s:11:\"question_id\";s:2:\"22\";}i:6;a:1:{s:11:\"question_id\";s:2:\"24\";}i:7;a:1:{s:11:\"question_id\";s:2:\"18\";}i:8;a:1:{s:11:\"question_id\";s:2:\"20\";}i:9;a:1:{s:11:\"question_id\";s:2:\"21\";}i:10;a:1:{s:11:\"question_id\";s:2:\"23\";}}', 11, 'a:12:{i:0;i:4;i:1;i:3;i:2;i:2;i:3;i:4;i:4;i:1;i:5;i:3;i:6;i:3;i:7;i:3;i:8;i:2;i:9;i:1;i:10;i:1;i:11;i:1;}', 3, 'a:12:{i:0;i:0;i:1;s:2:\"30\";i:2;i:0;i:3;i:0;i:4;i:0;i:5;i:0;i:6;i:0;i:7;i:0;i:8;i:0;i:9;i:0;i:10;i:0;i:11;i:0;}', 1, 1, '2018-06-17 02:57:41', NULL),
(21, 2, 1, 'a:5:{i:0;a:1:{s:11:\"question_id\";s:2:\"12\";}i:1;a:1:{s:11:\"question_id\";s:2:\"14\";}i:2;a:1:{s:11:\"question_id\";s:2:\"11\";}i:3;a:1:{s:11:\"question_id\";s:2:\"15\";}i:4;a:1:{s:11:\"question_id\";s:2:\"13\";}}', 0, 'a:5:{i:0;i:2;i:1;i:2;i:2;i:2;i:3;i:2;i:4;i:4;}', 3, 'a:5:{i:0;s:2:\"12\";i:1;s:2:\"14\";i:2;s:2:\"11\";i:3;s:2:\"15\";i:4;s:2:\"13\";}', 2, 1, '2018-06-20 22:41:36', NULL),
(22, 1, 9, 'a:10:{i:0;a:1:{s:11:\"question_id\";s:2:\"22\";}i:1;a:1:{s:11:\"question_id\";s:2:\"21\";}i:2;a:1:{s:11:\"question_id\";s:2:\"26\";}i:3;a:1:{s:11:\"question_id\";s:2:\"20\";}i:4;a:1:{s:11:\"question_id\";s:2:\"19\";}i:5;a:1:{s:11:\"question_id\";s:2:\"17\";}i:6;a:1:{s:11:\"question_id\";s:2:\"18\";}i:7;a:1:{s:11:\"question_id\";s:2:\"24\";}i:8;a:1:{s:11:\"question_id\";s:2:\"16\";}i:9;a:1:{s:11:\"question_id\";s:2:\"23\";}}', 9, 'a:10:{i:0;i:4;i:1;i:1;i:2;i:3;i:3;i:3;i:4;i:3;i:5;i:1;i:6;i:1;i:7;i:1;i:8;i:4;i:9;i:2;}', 3, 'a:10:{i:0;i:0;i:1;i:0;i:2;i:0;i:3;s:2:\"30\";i:4;i:0;i:5;i:0;i:6;i:0;i:7;i:0;i:8;i:0;i:9;i:0;}', 1, 1, '2018-06-20 22:53:22', NULL),
(23, 1, 15, 'a:3:{i:0;a:1:{s:11:\"question_id\";s:2:\"28\";}i:1;a:1:{s:11:\"question_id\";s:2:\"29\";}i:2;a:1:{s:11:\"question_id\";s:2:\"27\";}}', 1, 'a:3:{i:0;i:2;i:1;i:4;i:2;i:2;}', 3, 'a:3:{i:0;i:0;i:1;s:2:\"29\";i:2;s:2:\"27\";}', 2, 1, '2018-06-20 22:53:43', NULL),
(24, 1, 14, 'a:3:{i:0;a:1:{s:11:\"question_id\";s:2:\"28\";}i:1;a:1:{s:11:\"question_id\";s:2:\"27\";}i:2;a:1:{s:11:\"question_id\";s:2:\"29\";}}', 1, 'a:3:{i:0;i:2;i:1;i:2;i:2;i:2;}', 3, 'a:3:{i:0;i:0;i:1;s:2:\"27\";i:2;s:2:\"29\";}', 2, 1, '2018-06-20 22:54:25', NULL),
(25, 2, 9, 'a:10:{i:0;a:1:{s:11:\"question_id\";s:2:\"26\";}i:1;a:1:{s:11:\"question_id\";s:2:\"18\";}i:2;a:1:{s:11:\"question_id\";s:2:\"21\";}i:3;a:1:{s:11:\"question_id\";s:2:\"23\";}i:4;a:1:{s:11:\"question_id\";s:2:\"22\";}i:5;a:1:{s:11:\"question_id\";s:2:\"20\";}i:6;a:1:{s:11:\"question_id\";s:2:\"30\";}i:7;a:1:{s:11:\"question_id\";s:2:\"24\";}i:8;a:1:{s:11:\"question_id\";s:2:\"16\";}i:9;a:1:{s:11:\"question_id\";s:2:\"17\";}}', 9, 'a:10:{i:0;i:3;i:1;i:1;i:2;i:3;i:3;i:3;i:4;i:2;i:5;i:2;i:6;i:1;i:7;i:3;i:8;i:4;i:9;i:4;}', 3, 'a:10:{i:0;i:0;i:1;i:0;i:2;s:2:\"30\";i:3;i:0;i:4;i:0;i:5;i:0;i:6;i:0;i:7;i:0;i:8;i:0;i:9;i:0;}', 1, 1, '2018-06-21 11:10:51', NULL),
(26, 2, 9, 'a:10:{i:0;a:1:{s:11:\"question_id\";s:2:\"20\";}i:1;a:1:{s:11:\"question_id\";s:2:\"17\";}i:2;a:1:{s:11:\"question_id\";s:2:\"25\";}i:3;a:1:{s:11:\"question_id\";s:2:\"21\";}i:4;a:1:{s:11:\"question_id\";s:2:\"30\";}i:5;a:1:{s:11:\"question_id\";s:2:\"19\";}i:6;a:1:{s:11:\"question_id\";s:2:\"23\";}i:7;a:1:{s:11:\"question_id\";s:2:\"18\";}i:8;a:1:{s:11:\"question_id\";s:2:\"24\";}i:9;a:1:{s:11:\"question_id\";s:2:\"26\";}}', 9, 'a:10:{i:0;i:3;i:1;i:1;i:2;i:3;i:3;i:3;i:4;i:2;i:5;i:2;i:6;i:1;i:7;i:3;i:8;i:4;i:9;i:4;}', 3, 'a:10:{i:0;i:0;i:1;i:0;i:2;s:2:\"30\";i:3;i:0;i:4;i:0;i:5;i:0;i:6;i:0;i:7;i:0;i:8;i:0;i:9;i:0;}', 1, 1, '2018-06-21 11:11:04', NULL),
(27, 2, 9, 'a:10:{i:0;a:1:{s:11:\"question_id\";s:2:\"26\";}i:1;a:1:{s:11:\"question_id\";s:2:\"21\";}i:2;a:1:{s:11:\"question_id\";s:2:\"24\";}i:3;a:1:{s:11:\"question_id\";s:2:\"18\";}i:4;a:1:{s:11:\"question_id\";s:2:\"30\";}i:5;a:1:{s:11:\"question_id\";s:2:\"23\";}i:6;a:1:{s:11:\"question_id\";s:2:\"17\";}i:7;a:1:{s:11:\"question_id\";s:2:\"22\";}i:8;a:1:{s:11:\"question_id\";s:2:\"16\";}i:9;a:1:{s:11:\"question_id\";s:2:\"19\";}}', 9, 'a:10:{i:0;i:3;i:1;i:1;i:2;i:3;i:3;i:3;i:4;i:2;i:5;i:2;i:6;i:1;i:7;i:3;i:8;i:4;i:9;i:4;}', 3, 'a:10:{i:0;i:0;i:1;i:0;i:2;s:2:\"30\";i:3;i:0;i:4;i:0;i:5;i:0;i:6;i:0;i:7;i:0;i:8;i:0;i:9;i:0;}', 1, 1, '2018-06-21 11:11:09', NULL),
(28, 2, 9, 'a:10:{i:0;a:1:{s:11:\"question_id\";s:2:\"19\";}i:1;a:1:{s:11:\"question_id\";s:2:\"20\";}i:2;a:1:{s:11:\"question_id\";s:2:\"17\";}i:3;a:1:{s:11:\"question_id\";s:2:\"22\";}i:4;a:1:{s:11:\"question_id\";s:2:\"21\";}i:5;a:1:{s:11:\"question_id\";s:2:\"30\";}i:6;a:1:{s:11:\"question_id\";s:2:\"24\";}i:7;a:1:{s:11:\"question_id\";s:2:\"23\";}i:8;a:1:{s:11:\"question_id\";s:2:\"25\";}i:9;a:1:{s:11:\"question_id\";s:2:\"26\";}}', 9, 'a:10:{i:0;i:3;i:1;i:1;i:2;i:3;i:3;i:3;i:4;i:2;i:5;i:2;i:6;i:1;i:7;i:3;i:8;i:4;i:9;i:4;}', 3, 'a:10:{i:0;i:0;i:1;i:0;i:2;s:2:\"30\";i:3;i:0;i:4;i:0;i:5;i:0;i:6;i:0;i:7;i:0;i:8;i:0;i:9;i:0;}', 1, 1, '2018-06-21 11:15:02', NULL),
(29, 2, 9, 'a:10:{i:0;a:1:{s:11:\"question_id\";s:2:\"26\";}i:1;a:1:{s:11:\"question_id\";s:2:\"30\";}i:2;a:1:{s:11:\"question_id\";s:2:\"16\";}i:3;a:1:{s:11:\"question_id\";s:2:\"18\";}i:4;a:1:{s:11:\"question_id\";s:2:\"21\";}i:5;a:1:{s:11:\"question_id\";s:2:\"19\";}i:6;a:1:{s:11:\"question_id\";s:2:\"25\";}i:7;a:1:{s:11:\"question_id\";s:2:\"22\";}i:8;a:1:{s:11:\"question_id\";s:2:\"23\";}i:9;a:1:{s:11:\"question_id\";s:2:\"24\";}}', 9, 'a:10:{i:0;i:3;i:1;i:1;i:2;i:3;i:3;i:3;i:4;i:2;i:5;i:2;i:6;i:1;i:7;i:3;i:8;i:4;i:9;i:4;}', 3, 'a:10:{i:0;i:0;i:1;i:0;i:2;s:2:\"30\";i:3;i:0;i:4;i:0;i:5;i:0;i:6;i:0;i:7;i:0;i:8;i:0;i:9;i:0;}', 1, 1, '2018-06-21 11:15:04', NULL),
(30, 2, 9, 'a:10:{i:0;a:1:{s:11:\"question_id\";s:2:\"16\";}i:1;a:1:{s:11:\"question_id\";s:2:\"25\";}i:2;a:1:{s:11:\"question_id\";s:2:\"19\";}i:3;a:1:{s:11:\"question_id\";s:2:\"24\";}i:4;a:1:{s:11:\"question_id\";s:2:\"30\";}i:5;a:1:{s:11:\"question_id\";s:2:\"22\";}i:6;a:1:{s:11:\"question_id\";s:2:\"21\";}i:7;a:1:{s:11:\"question_id\";s:2:\"18\";}i:8;a:1:{s:11:\"question_id\";s:2:\"17\";}i:9;a:1:{s:11:\"question_id\";s:2:\"20\";}}', 9, 'a:10:{i:0;i:3;i:1;i:1;i:2;i:3;i:3;i:3;i:4;i:2;i:5;i:2;i:6;i:1;i:7;i:3;i:8;i:4;i:9;i:4;}', 3, 'a:10:{i:0;i:0;i:1;i:0;i:2;s:2:\"30\";i:3;i:0;i:4;i:0;i:5;i:0;i:6;i:0;i:7;i:0;i:8;i:0;i:9;i:0;}', 1, 1, '2018-06-21 11:20:09', NULL),
(31, 2, 9, 'a:10:{i:0;a:1:{s:11:\"question_id\";s:2:\"16\";}i:1;a:1:{s:11:\"question_id\";s:2:\"18\";}i:2;a:1:{s:11:\"question_id\";s:2:\"23\";}i:3;a:1:{s:11:\"question_id\";s:2:\"20\";}i:4;a:1:{s:11:\"question_id\";s:2:\"24\";}i:5;a:1:{s:11:\"question_id\";s:2:\"25\";}i:6;a:1:{s:11:\"question_id\";s:2:\"22\";}i:7;a:1:{s:11:\"question_id\";s:2:\"26\";}i:8;a:1:{s:11:\"question_id\";s:2:\"30\";}i:9;a:1:{s:11:\"question_id\";s:2:\"17\";}}', 9, 'a:10:{i:0;i:3;i:1;i:1;i:2;i:3;i:3;i:3;i:4;i:2;i:5;i:2;i:6;i:1;i:7;i:3;i:8;i:4;i:9;i:4;}', 3, 'a:10:{i:0;i:0;i:1;i:0;i:2;s:2:\"30\";i:3;i:0;i:4;i:0;i:5;i:0;i:6;i:0;i:7;i:0;i:8;i:0;i:9;i:0;}', 1, 1, '2018-06-21 11:20:12', NULL),
(32, 2, 9, 'a:10:{i:0;a:1:{s:11:\"question_id\";s:2:\"17\";}i:1;a:1:{s:11:\"question_id\";s:2:\"22\";}i:2;a:1:{s:11:\"question_id\";s:2:\"21\";}i:3;a:1:{s:11:\"question_id\";s:2:\"18\";}i:4;a:1:{s:11:\"question_id\";s:2:\"26\";}i:5;a:1:{s:11:\"question_id\";s:2:\"19\";}i:6;a:1:{s:11:\"question_id\";s:2:\"23\";}i:7;a:1:{s:11:\"question_id\";s:2:\"30\";}i:8;a:1:{s:11:\"question_id\";s:2:\"20\";}i:9;a:1:{s:11:\"question_id\";s:2:\"25\";}}', 9, 'a:10:{i:0;i:3;i:1;i:1;i:2;i:3;i:3;i:3;i:4;i:2;i:5;i:2;i:6;i:1;i:7;i:3;i:8;i:4;i:9;i:4;}', 3, 'a:10:{i:0;i:0;i:1;i:0;i:2;s:2:\"30\";i:3;i:0;i:4;i:0;i:5;i:0;i:6;i:0;i:7;i:0;i:8;i:0;i:9;i:0;}', 1, 1, '2018-06-21 11:20:15', NULL),
(33, 2, 9, 'a:10:{i:0;a:1:{s:11:\"question_id\";s:2:\"25\";}i:1;a:1:{s:11:\"question_id\";s:2:\"24\";}i:2;a:1:{s:11:\"question_id\";s:2:\"17\";}i:3;a:1:{s:11:\"question_id\";s:2:\"23\";}i:4;a:1:{s:11:\"question_id\";s:2:\"26\";}i:5;a:1:{s:11:\"question_id\";s:2:\"21\";}i:6;a:1:{s:11:\"question_id\";s:2:\"20\";}i:7;a:1:{s:11:\"question_id\";s:2:\"18\";}i:8;a:1:{s:11:\"question_id\";s:2:\"19\";}i:9;a:1:{s:11:\"question_id\";s:2:\"16\";}}', 9, 'a:10:{i:0;i:3;i:1;i:1;i:2;i:3;i:3;i:3;i:4;i:2;i:5;i:2;i:6;i:1;i:7;i:3;i:8;i:4;i:9;i:4;}', 3, 'a:10:{i:0;i:0;i:1;i:0;i:2;s:2:\"30\";i:3;i:0;i:4;i:0;i:5;i:0;i:6;i:0;i:7;i:0;i:8;i:0;i:9;i:0;}', 1, 1, '2018-06-21 11:20:19', NULL),
(34, 2, 9, 'a:10:{i:0;a:1:{s:11:\"question_id\";s:2:\"19\";}i:1;a:1:{s:11:\"question_id\";s:2:\"17\";}i:2;a:1:{s:11:\"question_id\";s:2:\"26\";}i:3;a:1:{s:11:\"question_id\";s:2:\"22\";}i:4;a:1:{s:11:\"question_id\";s:2:\"25\";}i:5;a:1:{s:11:\"question_id\";s:2:\"21\";}i:6;a:1:{s:11:\"question_id\";s:2:\"20\";}i:7;a:1:{s:11:\"question_id\";s:2:\"23\";}i:8;a:1:{s:11:\"question_id\";s:2:\"18\";}i:9;a:1:{s:11:\"question_id\";s:2:\"30\";}}', 9, 'a:10:{i:0;i:3;i:1;i:1;i:2;i:3;i:3;i:3;i:4;i:2;i:5;i:2;i:6;i:1;i:7;i:3;i:8;i:4;i:9;i:4;}', 3, 'a:10:{i:0;i:0;i:1;i:0;i:2;s:2:\"30\";i:3;i:0;i:4;i:0;i:5;i:0;i:6;i:0;i:7;i:0;i:8;i:0;i:9;i:0;}', 1, 1, '2018-06-21 11:20:25', NULL),
(35, 2, 9, 'a:10:{i:0;a:1:{s:11:\"question_id\";s:2:\"26\";}i:1;a:1:{s:11:\"question_id\";s:2:\"24\";}i:2;a:1:{s:11:\"question_id\";s:2:\"21\";}i:3;a:1:{s:11:\"question_id\";s:2:\"23\";}i:4;a:1:{s:11:\"question_id\";s:2:\"17\";}i:5;a:1:{s:11:\"question_id\";s:2:\"22\";}i:6;a:1:{s:11:\"question_id\";s:2:\"30\";}i:7;a:1:{s:11:\"question_id\";s:2:\"19\";}i:8;a:1:{s:11:\"question_id\";s:2:\"20\";}i:9;a:1:{s:11:\"question_id\";s:2:\"16\";}}', 9, 'a:10:{i:0;i:3;i:1;i:1;i:2;i:3;i:3;i:3;i:4;i:2;i:5;i:2;i:6;i:1;i:7;i:3;i:8;i:4;i:9;i:4;}', 3, 'a:10:{i:0;i:0;i:1;i:0;i:2;s:2:\"30\";i:3;i:0;i:4;i:0;i:5;i:0;i:6;i:0;i:7;i:0;i:8;i:0;i:9;i:0;}', 1, 1, '2018-06-21 11:20:34', NULL),
(36, 2, 9, 'a:10:{i:0;a:1:{s:11:\"question_id\";s:2:\"22\";}i:1;a:1:{s:11:\"question_id\";s:2:\"20\";}i:2;a:1:{s:11:\"question_id\";s:2:\"18\";}i:3;a:1:{s:11:\"question_id\";s:2:\"21\";}i:4;a:1:{s:11:\"question_id\";s:2:\"26\";}i:5;a:1:{s:11:\"question_id\";s:2:\"24\";}i:6;a:1:{s:11:\"question_id\";s:2:\"23\";}i:7;a:1:{s:11:\"question_id\";s:2:\"17\";}i:8;a:1:{s:11:\"question_id\";s:2:\"19\";}i:9;a:1:{s:11:\"question_id\";s:2:\"30\";}}', 9, 'a:10:{i:0;i:3;i:1;i:1;i:2;i:3;i:3;i:3;i:4;i:2;i:5;i:2;i:6;i:1;i:7;i:3;i:8;i:4;i:9;i:4;}', 3, 'a:10:{i:0;i:0;i:1;i:0;i:2;s:2:\"30\";i:3;i:0;i:4;i:0;i:5;i:0;i:6;i:0;i:7;i:0;i:8;i:0;i:9;i:0;}', 1, 1, '2018-06-21 11:20:37', NULL),
(37, 2, 9, 'a:10:{i:0;a:1:{s:11:\"question_id\";s:2:\"24\";}i:1;a:1:{s:11:\"question_id\";s:2:\"26\";}i:2;a:1:{s:11:\"question_id\";s:2:\"21\";}i:3;a:1:{s:11:\"question_id\";s:2:\"18\";}i:4;a:1:{s:11:\"question_id\";s:2:\"17\";}i:5;a:1:{s:11:\"question_id\";s:2:\"16\";}i:6;a:1:{s:11:\"question_id\";s:2:\"25\";}i:7;a:1:{s:11:\"question_id\";s:2:\"19\";}i:8;a:1:{s:11:\"question_id\";s:2:\"20\";}i:9;a:1:{s:11:\"question_id\";s:2:\"22\";}}', 9, 'a:10:{i:0;i:3;i:1;i:1;i:2;i:3;i:3;i:3;i:4;i:2;i:5;i:2;i:6;i:1;i:7;i:3;i:8;i:4;i:9;i:4;}', 3, 'a:10:{i:0;i:0;i:1;i:0;i:2;s:2:\"30\";i:3;i:0;i:4;i:0;i:5;i:0;i:6;i:0;i:7;i:0;i:8;i:0;i:9;i:0;}', 1, 1, '2018-06-21 11:37:32', NULL),
(38, 2, 9, 'a:10:{i:0;a:1:{s:11:\"question_id\";s:2:\"25\";}i:1;a:1:{s:11:\"question_id\";s:2:\"30\";}i:2;a:1:{s:11:\"question_id\";s:2:\"16\";}i:3;a:1:{s:11:\"question_id\";s:2:\"19\";}i:4;a:1:{s:11:\"question_id\";s:2:\"22\";}i:5;a:1:{s:11:\"question_id\";s:2:\"24\";}i:6;a:1:{s:11:\"question_id\";s:2:\"18\";}i:7;a:1:{s:11:\"question_id\";s:2:\"21\";}i:8;a:1:{s:11:\"question_id\";s:2:\"23\";}i:9;a:1:{s:11:\"question_id\";s:2:\"20\";}}', 9, 'a:10:{i:0;i:3;i:1;i:1;i:2;i:3;i:3;i:3;i:4;i:2;i:5;i:2;i:6;i:1;i:7;i:3;i:8;i:4;i:9;i:4;}', 3, 'a:10:{i:0;i:0;i:1;i:0;i:2;s:2:\"30\";i:3;i:0;i:4;i:0;i:5;i:0;i:6;i:0;i:7;i:0;i:8;i:0;i:9;i:0;}', 1, 1, '2018-06-21 11:38:20', NULL),
(39, 2, 9, 'a:10:{i:0;a:1:{s:11:\"question_id\";s:2:\"23\";}i:1;a:1:{s:11:\"question_id\";s:2:\"19\";}i:2;a:1:{s:11:\"question_id\";s:2:\"17\";}i:3;a:1:{s:11:\"question_id\";s:2:\"25\";}i:4;a:1:{s:11:\"question_id\";s:2:\"22\";}i:5;a:1:{s:11:\"question_id\";s:2:\"21\";}i:6;a:1:{s:11:\"question_id\";s:2:\"24\";}i:7;a:1:{s:11:\"question_id\";s:2:\"18\";}i:8;a:1:{s:11:\"question_id\";s:2:\"30\";}i:9;a:1:{s:11:\"question_id\";s:2:\"20\";}}', 9, 'a:10:{i:0;i:3;i:1;i:1;i:2;i:3;i:3;i:3;i:4;i:2;i:5;i:2;i:6;i:1;i:7;i:3;i:8;i:4;i:9;i:4;}', 3, 'a:10:{i:0;i:0;i:1;i:0;i:2;s:2:\"30\";i:3;i:0;i:4;i:0;i:5;i:0;i:6;i:0;i:7;i:0;i:8;i:0;i:9;i:0;}', 1, 1, '2018-06-21 11:38:23', NULL),
(40, 2, 9, 'a:10:{i:0;a:1:{s:11:\"question_id\";s:2:\"22\";}i:1;a:1:{s:11:\"question_id\";s:2:\"17\";}i:2;a:1:{s:11:\"question_id\";s:2:\"21\";}i:3;a:1:{s:11:\"question_id\";s:2:\"24\";}i:4;a:1:{s:11:\"question_id\";s:2:\"30\";}i:5;a:1:{s:11:\"question_id\";s:2:\"25\";}i:6;a:1:{s:11:\"question_id\";s:2:\"23\";}i:7;a:1:{s:11:\"question_id\";s:2:\"26\";}i:8;a:1:{s:11:\"question_id\";s:2:\"20\";}i:9;a:1:{s:11:\"question_id\";s:2:\"18\";}}', 9, 'a:10:{i:0;i:3;i:1;i:1;i:2;i:3;i:3;i:3;i:4;i:2;i:5;i:2;i:6;i:1;i:7;i:3;i:8;i:4;i:9;i:4;}', 3, 'a:10:{i:0;i:0;i:1;i:0;i:2;s:2:\"30\";i:3;i:0;i:4;i:0;i:5;i:0;i:6;i:0;i:7;i:0;i:8;i:0;i:9;i:0;}', 1, 1, '2018-06-21 11:38:54', NULL),
(41, 2, 9, 'a:10:{i:0;a:1:{s:11:\"question_id\";s:2:\"20\";}i:1;a:1:{s:11:\"question_id\";s:2:\"16\";}i:2;a:1:{s:11:\"question_id\";s:2:\"26\";}i:3;a:1:{s:11:\"question_id\";s:2:\"30\";}i:4;a:1:{s:11:\"question_id\";s:2:\"17\";}i:5;a:1:{s:11:\"question_id\";s:2:\"21\";}i:6;a:1:{s:11:\"question_id\";s:2:\"24\";}i:7;a:1:{s:11:\"question_id\";s:2:\"23\";}i:8;a:1:{s:11:\"question_id\";s:2:\"22\";}i:9;a:1:{s:11:\"question_id\";s:2:\"25\";}}', 9, 'a:10:{i:0;i:3;i:1;i:1;i:2;i:3;i:3;i:3;i:4;i:2;i:5;i:2;i:6;i:1;i:7;i:3;i:8;i:4;i:9;i:4;}', 3, 'a:10:{i:0;i:0;i:1;i:0;i:2;s:2:\"30\";i:3;i:0;i:4;i:0;i:5;i:0;i:6;i:0;i:7;i:0;i:8;i:0;i:9;i:0;}', 1, 1, '2018-06-21 11:41:24', NULL),
(42, 2, 9, 'a:10:{i:0;a:1:{s:11:\"question_id\";s:2:\"20\";}i:1;a:1:{s:11:\"question_id\";s:2:\"24\";}i:2;a:1:{s:11:\"question_id\";s:2:\"18\";}i:3;a:1:{s:11:\"question_id\";s:2:\"23\";}i:4;a:1:{s:11:\"question_id\";s:2:\"26\";}i:5;a:1:{s:11:\"question_id\";s:2:\"22\";}i:6;a:1:{s:11:\"question_id\";s:2:\"19\";}i:7;a:1:{s:11:\"question_id\";s:2:\"17\";}i:8;a:1:{s:11:\"question_id\";s:2:\"30\";}i:9;a:1:{s:11:\"question_id\";s:2:\"16\";}}', 9, 'a:10:{i:0;i:3;i:1;i:1;i:2;i:3;i:3;i:3;i:4;i:2;i:5;i:2;i:6;i:1;i:7;i:3;i:8;i:4;i:9;i:4;}', 3, 'a:10:{i:0;i:0;i:1;i:0;i:2;s:2:\"30\";i:3;i:0;i:4;i:0;i:5;i:0;i:6;i:0;i:7;i:0;i:8;i:0;i:9;i:0;}', 1, 1, '2018-06-21 11:47:13', NULL),
(43, 2, 9, 'a:10:{i:0;a:1:{s:11:\"question_id\";s:2:\"24\";}i:1;a:1:{s:11:\"question_id\";s:2:\"16\";}i:2;a:1:{s:11:\"question_id\";s:2:\"19\";}i:3;a:1:{s:11:\"question_id\";s:2:\"17\";}i:4;a:1:{s:11:\"question_id\";s:2:\"18\";}i:5;a:1:{s:11:\"question_id\";s:2:\"26\";}i:6;a:1:{s:11:\"question_id\";s:2:\"21\";}i:7;a:1:{s:11:\"question_id\";s:2:\"30\";}i:8;a:1:{s:11:\"question_id\";s:2:\"25\";}i:9;a:1:{s:11:\"question_id\";s:2:\"20\";}}', 9, 'a:10:{i:0;i:3;i:1;i:1;i:2;i:3;i:3;i:3;i:4;i:2;i:5;i:2;i:6;i:1;i:7;i:3;i:8;i:4;i:9;i:4;}', 3, 'a:10:{i:0;i:0;i:1;i:0;i:2;s:2:\"30\";i:3;i:0;i:4;i:0;i:5;i:0;i:6;i:0;i:7;i:0;i:8;i:0;i:9;i:0;}', 1, 1, '2018-06-21 11:47:15', NULL),
(44, 2, 9, 'a:10:{i:0;a:1:{s:11:\"question_id\";s:2:\"22\";}i:1;a:1:{s:11:\"question_id\";s:2:\"19\";}i:2;a:1:{s:11:\"question_id\";s:2:\"23\";}i:3;a:1:{s:11:\"question_id\";s:2:\"20\";}i:4;a:1:{s:11:\"question_id\";s:2:\"17\";}i:5;a:1:{s:11:\"question_id\";s:2:\"18\";}i:6;a:1:{s:11:\"question_id\";s:2:\"24\";}i:7;a:1:{s:11:\"question_id\";s:2:\"30\";}i:8;a:1:{s:11:\"question_id\";s:2:\"16\";}i:9;a:1:{s:11:\"question_id\";s:2:\"21\";}}', 9, 'a:10:{i:0;i:3;i:1;i:1;i:2;i:3;i:3;i:3;i:4;i:2;i:5;i:2;i:6;i:1;i:7;i:3;i:8;i:4;i:9;i:4;}', 3, 'a:10:{i:0;i:0;i:1;i:0;i:2;s:2:\"30\";i:3;i:0;i:4;i:0;i:5;i:0;i:6;i:0;i:7;i:0;i:8;i:0;i:9;i:0;}', 1, 1, '2018-06-21 11:47:55', NULL),
(45, 2, 9, 'a:10:{i:0;a:1:{s:11:\"question_id\";s:2:\"26\";}i:1;a:1:{s:11:\"question_id\";s:2:\"25\";}i:2;a:1:{s:11:\"question_id\";s:2:\"24\";}i:3;a:1:{s:11:\"question_id\";s:2:\"23\";}i:4;a:1:{s:11:\"question_id\";s:2:\"19\";}i:5;a:1:{s:11:\"question_id\";s:2:\"18\";}i:6;a:1:{s:11:\"question_id\";s:2:\"22\";}i:7;a:1:{s:11:\"question_id\";s:2:\"16\";}i:8;a:1:{s:11:\"question_id\";s:2:\"20\";}i:9;a:1:{s:11:\"question_id\";s:2:\"21\";}}', 9, 'a:10:{i:0;i:3;i:1;i:1;i:2;i:3;i:3;i:3;i:4;i:2;i:5;i:2;i:6;i:1;i:7;i:3;i:8;i:4;i:9;i:4;}', 3, 'a:10:{i:0;i:0;i:1;i:0;i:2;s:2:\"30\";i:3;i:0;i:4;i:0;i:5;i:0;i:6;i:0;i:7;i:0;i:8;i:0;i:9;i:0;}', 1, 1, '2018-06-21 11:47:56', NULL),
(46, 2, 9, 'a:10:{i:0;a:1:{s:11:\"question_id\";s:2:\"16\";}i:1;a:1:{s:11:\"question_id\";s:2:\"19\";}i:2;a:1:{s:11:\"question_id\";s:2:\"21\";}i:3;a:1:{s:11:\"question_id\";s:2:\"20\";}i:4;a:1:{s:11:\"question_id\";s:2:\"23\";}i:5;a:1:{s:11:\"question_id\";s:2:\"25\";}i:6;a:1:{s:11:\"question_id\";s:2:\"18\";}i:7;a:1:{s:11:\"question_id\";s:2:\"24\";}i:8;a:1:{s:11:\"question_id\";s:2:\"17\";}i:9;a:1:{s:11:\"question_id\";s:2:\"30\";}}', 9, 'a:10:{i:0;i:3;i:1;i:1;i:2;i:3;i:3;i:3;i:4;i:2;i:5;i:2;i:6;i:1;i:7;i:3;i:8;i:4;i:9;i:4;}', 3, 'a:10:{i:0;i:0;i:1;i:0;i:2;s:2:\"30\";i:3;i:0;i:4;i:0;i:5;i:0;i:6;i:0;i:7;i:0;i:8;i:0;i:9;i:0;}', 1, 1, '2018-06-21 11:48:00', NULL),
(47, 2, 9, 'a:10:{i:0;a:1:{s:11:\"question_id\";s:2:\"22\";}i:1;a:1:{s:11:\"question_id\";s:2:\"19\";}i:2;a:1:{s:11:\"question_id\";s:2:\"20\";}i:3;a:1:{s:11:\"question_id\";s:2:\"16\";}i:4;a:1:{s:11:\"question_id\";s:2:\"17\";}i:5;a:1:{s:11:\"question_id\";s:2:\"24\";}i:6;a:1:{s:11:\"question_id\";s:2:\"30\";}i:7;a:1:{s:11:\"question_id\";s:2:\"25\";}i:8;a:1:{s:11:\"question_id\";s:2:\"23\";}i:9;a:1:{s:11:\"question_id\";s:2:\"21\";}}', 9, 'a:10:{i:0;i:3;i:1;i:1;i:2;i:3;i:3;i:3;i:4;i:2;i:5;i:2;i:6;i:1;i:7;i:3;i:8;i:4;i:9;i:4;}', 3, 'a:10:{i:0;i:0;i:1;i:0;i:2;s:2:\"30\";i:3;i:0;i:4;i:0;i:5;i:0;i:6;i:0;i:7;i:0;i:8;i:0;i:9;i:0;}', 1, 1, '2018-06-21 12:04:06', NULL),
(48, 2, 9, 'a:10:{i:0;a:1:{s:11:\"question_id\";s:2:\"18\";}i:1;a:1:{s:11:\"question_id\";s:2:\"22\";}i:2;a:1:{s:11:\"question_id\";s:2:\"16\";}i:3;a:1:{s:11:\"question_id\";s:2:\"21\";}i:4;a:1:{s:11:\"question_id\";s:2:\"30\";}i:5;a:1:{s:11:\"question_id\";s:2:\"26\";}i:6;a:1:{s:11:\"question_id\";s:2:\"17\";}i:7;a:1:{s:11:\"question_id\";s:2:\"25\";}i:8;a:1:{s:11:\"question_id\";s:2:\"24\";}i:9;a:1:{s:11:\"question_id\";s:2:\"23\";}}', 9, 'a:10:{i:0;i:3;i:1;i:1;i:2;i:3;i:3;i:3;i:4;i:2;i:5;i:2;i:6;i:1;i:7;i:3;i:8;i:4;i:9;i:4;}', 3, 'a:10:{i:0;i:0;i:1;i:0;i:2;s:2:\"30\";i:3;i:0;i:4;i:0;i:5;i:0;i:6;i:0;i:7;i:0;i:8;i:0;i:9;i:0;}', 1, 1, '2018-06-21 12:04:08', NULL),
(49, 2, 9, 'a:10:{i:0;a:1:{s:11:\"question_id\";s:2:\"16\";}i:1;a:1:{s:11:\"question_id\";s:2:\"20\";}i:2;a:1:{s:11:\"question_id\";s:2:\"30\";}i:3;a:1:{s:11:\"question_id\";s:2:\"25\";}i:4;a:1:{s:11:\"question_id\";s:2:\"24\";}i:5;a:1:{s:11:\"question_id\";s:2:\"26\";}i:6;a:1:{s:11:\"question_id\";s:2:\"19\";}i:7;a:1:{s:11:\"question_id\";s:2:\"21\";}i:8;a:1:{s:11:\"question_id\";s:2:\"18\";}i:9;a:1:{s:11:\"question_id\";s:2:\"23\";}}', 9, 'a:10:{i:0;i:3;i:1;i:1;i:2;i:3;i:3;i:3;i:4;i:2;i:5;i:2;i:6;i:1;i:7;i:3;i:8;i:4;i:9;i:4;}', 3, 'a:10:{i:0;i:0;i:1;i:0;i:2;s:2:\"30\";i:3;i:0;i:4;i:0;i:5;i:0;i:6;i:0;i:7;i:0;i:8;i:0;i:9;i:0;}', 1, 1, '2018-06-21 12:04:11', NULL),
(50, 2, 9, 'a:10:{i:0;a:1:{s:11:\"question_id\";s:2:\"21\";}i:1;a:1:{s:11:\"question_id\";s:2:\"24\";}i:2;a:1:{s:11:\"question_id\";s:2:\"23\";}i:3;a:1:{s:11:\"question_id\";s:2:\"26\";}i:4;a:1:{s:11:\"question_id\";s:2:\"25\";}i:5;a:1:{s:11:\"question_id\";s:2:\"16\";}i:6;a:1:{s:11:\"question_id\";s:2:\"18\";}i:7;a:1:{s:11:\"question_id\";s:2:\"20\";}i:8;a:1:{s:11:\"question_id\";s:2:\"30\";}i:9;a:1:{s:11:\"question_id\";s:2:\"19\";}}', 9, 'a:10:{i:0;i:3;i:1;i:1;i:2;i:3;i:3;i:3;i:4;i:2;i:5;i:2;i:6;i:1;i:7;i:3;i:8;i:4;i:9;i:4;}', 3, 'a:10:{i:0;i:0;i:1;i:0;i:2;s:2:\"30\";i:3;i:0;i:4;i:0;i:5;i:0;i:6;i:0;i:7;i:0;i:8;i:0;i:9;i:0;}', 1, 1, '2018-06-21 12:04:14', NULL),
(51, 2, 9, 'a:10:{i:0;a:1:{s:11:\"question_id\";s:2:\"30\";}i:1;a:1:{s:11:\"question_id\";s:2:\"20\";}i:2;a:1:{s:11:\"question_id\";s:2:\"19\";}i:3;a:1:{s:11:\"question_id\";s:2:\"16\";}i:4;a:1:{s:11:\"question_id\";s:2:\"18\";}i:5;a:1:{s:11:\"question_id\";s:2:\"22\";}i:6;a:1:{s:11:\"question_id\";s:2:\"24\";}i:7;a:1:{s:11:\"question_id\";s:2:\"26\";}i:8;a:1:{s:11:\"question_id\";s:2:\"25\";}i:9;a:1:{s:11:\"question_id\";s:2:\"21\";}}', 9, 'a:10:{i:0;i:3;i:1;i:1;i:2;i:3;i:3;i:3;i:4;i:2;i:5;i:2;i:6;i:1;i:7;i:3;i:8;i:4;i:9;i:4;}', 3, 'a:10:{i:0;i:0;i:1;i:0;i:2;s:2:\"30\";i:3;i:0;i:4;i:0;i:5;i:0;i:6;i:0;i:7;i:0;i:8;i:0;i:9;i:0;}', 1, 1, '2018-06-21 12:04:17', NULL),
(52, 2, 9, 'a:10:{i:0;a:1:{s:11:\"question_id\";s:2:\"30\";}i:1;a:1:{s:11:\"question_id\";s:2:\"25\";}i:2;a:1:{s:11:\"question_id\";s:2:\"22\";}i:3;a:1:{s:11:\"question_id\";s:2:\"21\";}i:4;a:1:{s:11:\"question_id\";s:2:\"19\";}i:5;a:1:{s:11:\"question_id\";s:2:\"20\";}i:6;a:1:{s:11:\"question_id\";s:2:\"17\";}i:7;a:1:{s:11:\"question_id\";s:2:\"16\";}i:8;a:1:{s:11:\"question_id\";s:2:\"18\";}i:9;a:1:{s:11:\"question_id\";s:2:\"23\";}}', 9, 'a:10:{i:0;i:3;i:1;i:1;i:2;i:3;i:3;i:3;i:4;i:2;i:5;i:2;i:6;i:1;i:7;i:3;i:8;i:4;i:9;i:4;}', 3, 'a:10:{i:0;i:0;i:1;i:0;i:2;s:2:\"30\";i:3;i:0;i:4;i:0;i:5;i:0;i:6;i:0;i:7;i:0;i:8;i:0;i:9;i:0;}', 1, 1, '2018-06-21 12:04:19', NULL),
(53, 2, 9, 'a:10:{i:0;a:1:{s:11:\"question_id\";s:2:\"16\";}i:1;a:1:{s:11:\"question_id\";s:2:\"18\";}i:2;a:1:{s:11:\"question_id\";s:2:\"30\";}i:3;a:1:{s:11:\"question_id\";s:2:\"23\";}i:4;a:1:{s:11:\"question_id\";s:2:\"17\";}i:5;a:1:{s:11:\"question_id\";s:2:\"22\";}i:6;a:1:{s:11:\"question_id\";s:2:\"19\";}i:7;a:1:{s:11:\"question_id\";s:2:\"24\";}i:8;a:1:{s:11:\"question_id\";s:2:\"25\";}i:9;a:1:{s:11:\"question_id\";s:2:\"26\";}}', 9, 'a:10:{i:0;i:3;i:1;i:1;i:2;i:3;i:3;i:3;i:4;i:2;i:5;i:2;i:6;i:1;i:7;i:3;i:8;i:4;i:9;i:4;}', 3, 'a:10:{i:0;i:0;i:1;i:0;i:2;s:2:\"30\";i:3;i:0;i:4;i:0;i:5;i:0;i:6;i:0;i:7;i:0;i:8;i:0;i:9;i:0;}', 1, 1, '2018-06-21 12:04:22', NULL),
(54, 2, 16, 'a:12:{i:0;a:1:{s:11:\"question_id\";s:2:\"26\";}i:1;a:1:{s:11:\"question_id\";s:2:\"20\";}i:2;a:1:{s:11:\"question_id\";s:2:\"24\";}i:3;a:1:{s:11:\"question_id\";s:2:\"25\";}i:4;a:1:{s:11:\"question_id\";s:2:\"19\";}i:5;a:1:{s:11:\"question_id\";s:2:\"17\";}i:6;a:1:{s:11:\"question_id\";s:2:\"18\";}i:7;a:1:{s:11:\"question_id\";s:2:\"23\";}i:8;a:1:{s:11:\"question_id\";s:2:\"21\";}i:9;a:1:{s:11:\"question_id\";s:2:\"22\";}i:10;a:1:{s:11:\"question_id\";s:2:\"30\";}i:11;a:1:{s:11:\"question_id\";s:2:\"16\";}}', 11, 'a:12:{i:0;i:4;i:1;i:3;i:2;i:2;i:3;i:4;i:4;i:1;i:5;i:3;i:6;i:3;i:7;i:3;i:8;i:2;i:9;i:1;i:10;i:1;i:11;i:1;}', 3, 'a:12:{i:0;i:0;i:1;s:2:\"30\";i:2;i:0;i:3;i:0;i:4;i:0;i:5;i:0;i:6;i:0;i:7;i:0;i:8;i:0;i:9;i:0;i:10;i:0;i:11;i:0;}', 1, 1, '2018-06-21 12:05:18', NULL),
(55, 2, 9, 'a:10:{i:0;a:1:{s:11:\"question_id\";s:2:\"20\";}i:1;a:1:{s:11:\"question_id\";s:2:\"19\";}i:2;a:1:{s:11:\"question_id\";s:2:\"23\";}i:3;a:1:{s:11:\"question_id\";s:2:\"17\";}i:4;a:1:{s:11:\"question_id\";s:2:\"30\";}i:5;a:1:{s:11:\"question_id\";s:2:\"26\";}i:6;a:1:{s:11:\"question_id\";s:2:\"21\";}i:7;a:1:{s:11:\"question_id\";s:2:\"18\";}i:8;a:1:{s:11:\"question_id\";s:2:\"25\";}i:9;a:1:{s:11:\"question_id\";s:2:\"22\";}}', 9, 'a:10:{i:0;i:3;i:1;i:1;i:2;i:3;i:3;i:3;i:4;i:2;i:5;i:2;i:6;i:1;i:7;i:3;i:8;i:4;i:9;i:4;}', 3, 'a:10:{i:0;i:0;i:1;i:0;i:2;s:2:\"30\";i:3;i:0;i:4;i:0;i:5;i:0;i:6;i:0;i:7;i:0;i:8;i:0;i:9;i:0;}', 1, 1, '2018-06-21 12:05:23', NULL),
(56, 2, 9, 'a:10:{i:0;a:1:{s:11:\"question_id\";s:2:\"26\";}i:1;a:1:{s:11:\"question_id\";s:2:\"30\";}i:2;a:1:{s:11:\"question_id\";s:2:\"21\";}i:3;a:1:{s:11:\"question_id\";s:2:\"18\";}i:4;a:1:{s:11:\"question_id\";s:2:\"25\";}i:5;a:1:{s:11:\"question_id\";s:2:\"23\";}i:6;a:1:{s:11:\"question_id\";s:2:\"24\";}i:7;a:1:{s:11:\"question_id\";s:2:\"16\";}i:8;a:1:{s:11:\"question_id\";s:2:\"19\";}i:9;a:1:{s:11:\"question_id\";s:2:\"17\";}}', 9, 'a:10:{i:0;i:3;i:1;i:1;i:2;i:3;i:3;i:3;i:4;i:2;i:5;i:2;i:6;i:1;i:7;i:3;i:8;i:4;i:9;i:4;}', 3, 'a:10:{i:0;i:0;i:1;i:0;i:2;s:2:\"30\";i:3;i:0;i:4;i:0;i:5;i:0;i:6;i:0;i:7;i:0;i:8;i:0;i:9;i:0;}', 1, 1, '2018-06-21 12:05:28', NULL),
(57, 2, 9, 'a:10:{i:0;a:1:{s:11:\"question_id\";s:2:\"26\";}i:1;a:1:{s:11:\"question_id\";s:2:\"30\";}i:2;a:1:{s:11:\"question_id\";s:2:\"23\";}i:3;a:1:{s:11:\"question_id\";s:2:\"16\";}i:4;a:1:{s:11:\"question_id\";s:2:\"17\";}i:5;a:1:{s:11:\"question_id\";s:2:\"24\";}i:6;a:1:{s:11:\"question_id\";s:2:\"21\";}i:7;a:1:{s:11:\"question_id\";s:2:\"25\";}i:8;a:1:{s:11:\"question_id\";s:2:\"22\";}i:9;a:1:{s:11:\"question_id\";s:2:\"20\";}}', 9, 'a:10:{i:0;i:3;i:1;i:1;i:2;i:3;i:3;i:3;i:4;i:2;i:5;i:2;i:6;i:1;i:7;i:3;i:8;i:4;i:9;i:4;}', 3, 'a:10:{i:0;i:0;i:1;i:0;i:2;s:2:\"30\";i:3;i:0;i:4;i:0;i:5;i:0;i:6;i:0;i:7;i:0;i:8;i:0;i:9;i:0;}', 1, 1, '2018-06-23 01:40:51', NULL),
(58, 2, 1, 'a:5:{i:0;a:1:{s:11:\"question_id\";s:2:\"12\";}i:1;a:1:{s:11:\"question_id\";s:2:\"13\";}i:2;a:1:{s:11:\"question_id\";s:2:\"15\";}i:3;a:1:{s:11:\"question_id\";s:2:\"11\";}i:4;a:1:{s:11:\"question_id\";s:2:\"14\";}}', 0, NULL, 1, NULL, 0, 1, '2018-06-23 01:41:46', NULL),
(59, 2, 9, 'a:10:{i:0;a:1:{s:11:\"question_id\";s:2:\"17\";}i:1;a:1:{s:11:\"question_id\";s:2:\"23\";}i:2;a:1:{s:11:\"question_id\";s:2:\"30\";}i:3;a:1:{s:11:\"question_id\";s:2:\"26\";}i:4;a:1:{s:11:\"question_id\";s:2:\"20\";}i:5;a:1:{s:11:\"question_id\";s:2:\"18\";}i:6;a:1:{s:11:\"question_id\";s:2:\"22\";}i:7;a:1:{s:11:\"question_id\";s:2:\"25\";}i:8;a:1:{s:11:\"question_id\";s:2:\"21\";}i:9;a:1:{s:11:\"question_id\";s:2:\"19\";}}', 9, 'a:10:{i:0;i:3;i:1;i:1;i:2;i:3;i:3;i:3;i:4;i:2;i:5;i:2;i:6;i:1;i:7;i:3;i:8;i:4;i:9;i:4;}', 3, 'a:10:{i:0;i:0;i:1;i:0;i:2;s:2:\"30\";i:3;i:0;i:4;i:0;i:5;i:0;i:6;i:0;i:7;i:0;i:8;i:0;i:9;i:0;}', 1, 1, '2018-06-23 01:54:21', NULL),
(60, 2, 9, 'a:10:{i:0;a:1:{s:11:\"question_id\";s:2:\"30\";}i:1;a:1:{s:11:\"question_id\";s:2:\"23\";}i:2;a:1:{s:11:\"question_id\";s:2:\"25\";}i:3;a:1:{s:11:\"question_id\";s:2:\"19\";}i:4;a:1:{s:11:\"question_id\";s:2:\"18\";}i:5;a:1:{s:11:\"question_id\";s:2:\"24\";}i:6;a:1:{s:11:\"question_id\";s:2:\"26\";}i:7;a:1:{s:11:\"question_id\";s:2:\"17\";}i:8;a:1:{s:11:\"question_id\";s:2:\"16\";}i:9;a:1:{s:11:\"question_id\";s:2:\"20\";}}', 9, 'a:10:{i:0;i:3;i:1;i:1;i:2;i:3;i:3;i:3;i:4;i:2;i:5;i:2;i:6;i:1;i:7;i:3;i:8;i:4;i:9;i:4;}', 3, 'a:10:{i:0;i:0;i:1;i:0;i:2;s:2:\"30\";i:3;i:0;i:4;i:0;i:5;i:0;i:6;i:0;i:7;i:0;i:8;i:0;i:9;i:0;}', 1, 1, '2018-06-23 01:54:27', NULL),
(61, 2, 9, 'a:10:{i:0;a:1:{s:11:\"question_id\";s:2:\"23\";}i:1;a:1:{s:11:\"question_id\";s:2:\"22\";}i:2;a:1:{s:11:\"question_id\";s:2:\"21\";}i:3;a:1:{s:11:\"question_id\";s:2:\"19\";}i:4;a:1:{s:11:\"question_id\";s:2:\"25\";}i:5;a:1:{s:11:\"question_id\";s:2:\"30\";}i:6;a:1:{s:11:\"question_id\";s:2:\"20\";}i:7;a:1:{s:11:\"question_id\";s:2:\"17\";}i:8;a:1:{s:11:\"question_id\";s:2:\"24\";}i:9;a:1:{s:11:\"question_id\";s:2:\"26\";}}', 9, 'a:10:{i:0;i:3;i:1;i:1;i:2;i:3;i:3;i:3;i:4;i:2;i:5;i:2;i:6;i:1;i:7;i:3;i:8;i:4;i:9;i:4;}', 3, 'a:10:{i:0;i:0;i:1;i:0;i:2;s:2:\"30\";i:3;i:0;i:4;i:0;i:5;i:0;i:6;i:0;i:7;i:0;i:8;i:0;i:9;i:0;}', 1, 1, '2018-06-23 02:58:06', NULL),
(62, 2, 9, 'a:10:{i:0;a:1:{s:11:\"question_id\";s:2:\"20\";}i:1;a:1:{s:11:\"question_id\";s:2:\"17\";}i:2;a:1:{s:11:\"question_id\";s:2:\"23\";}i:3;a:1:{s:11:\"question_id\";s:2:\"19\";}i:4;a:1:{s:11:\"question_id\";s:2:\"24\";}i:5;a:1:{s:11:\"question_id\";s:2:\"30\";}i:6;a:1:{s:11:\"question_id\";s:2:\"21\";}i:7;a:1:{s:11:\"question_id\";s:2:\"22\";}i:8;a:1:{s:11:\"question_id\";s:2:\"26\";}i:9;a:1:{s:11:\"question_id\";s:2:\"25\";}}', 9, 'a:10:{i:0;i:3;i:1;i:1;i:2;i:3;i:3;i:3;i:4;i:2;i:5;i:2;i:6;i:1;i:7;i:3;i:8;i:4;i:9;i:4;}', 3, 'a:10:{i:0;i:0;i:1;i:0;i:2;s:2:\"30\";i:3;i:0;i:4;i:0;i:5;i:0;i:6;i:0;i:7;i:0;i:8;i:0;i:9;i:0;}', 1, 1, '2018-06-23 02:58:09', NULL),
(63, 2, 14, 'a:3:{i:0;a:1:{s:11:\"question_id\";s:2:\"29\";}i:1;a:1:{s:11:\"question_id\";s:2:\"27\";}i:2;a:1:{s:11:\"question_id\";s:2:\"28\";}}', 2, 'a:3:{i:0;i:4;i:1;i:1;i:2;i:3;}', 3, 'a:3:{i:0;s:2:\"28\";i:1;i:0;i:2;i:0;}', 1, 1, '2018-06-23 02:58:35', NULL),
(64, 2, 14, 'a:3:{i:0;a:1:{s:11:\"question_id\";s:2:\"28\";}i:1;a:1:{s:11:\"question_id\";s:2:\"29\";}i:2;a:1:{s:11:\"question_id\";s:2:\"27\";}}', 2, 'a:3:{i:0;i:4;i:1;i:1;i:2;i:3;}', 3, 'a:3:{i:0;s:2:\"28\";i:1;i:0;i:2;i:0;}', 1, 1, '2018-06-23 02:59:01', NULL),
(65, 2, 14, 'a:3:{i:0;a:1:{s:11:\"question_id\";s:2:\"29\";}i:1;a:1:{s:11:\"question_id\";s:2:\"28\";}i:2;a:1:{s:11:\"question_id\";s:2:\"36\";}}', 2, 'a:3:{i:0;i:4;i:1;i:1;i:2;i:3;}', 3, 'a:3:{i:0;s:2:\"28\";i:1;i:0;i:2;i:0;}', 1, 1, '2018-06-23 02:59:20', NULL),
(66, 2, 14, 'a:3:{i:0;a:1:{s:11:\"question_id\";s:2:\"28\";}i:1;a:1:{s:11:\"question_id\";s:2:\"36\";}i:2;a:1:{s:11:\"question_id\";s:2:\"37\";}}', 2, 'a:3:{i:0;i:4;i:1;i:1;i:2;i:3;}', 3, 'a:3:{i:0;s:2:\"28\";i:1;i:0;i:2;i:0;}', 1, 1, '2018-06-23 02:59:25', NULL),
(67, 2, 14, 'a:3:{i:0;a:1:{s:11:\"question_id\";s:2:\"27\";}i:1;a:1:{s:11:\"question_id\";s:2:\"29\";}i:2;a:1:{s:11:\"question_id\";s:2:\"28\";}}', 2, 'a:3:{i:0;i:4;i:1;i:1;i:2;i:3;}', 3, 'a:3:{i:0;s:2:\"28\";i:1;i:0;i:2;i:0;}', 1, 1, '2018-06-23 02:59:28', NULL),
(68, 2, 14, 'a:3:{i:0;a:1:{s:11:\"question_id\";s:2:\"28\";}i:1;a:1:{s:11:\"question_id\";s:2:\"29\";}i:2;a:1:{s:11:\"question_id\";s:2:\"36\";}}', 2, 'a:3:{i:0;i:4;i:1;i:1;i:2;i:3;}', 3, 'a:3:{i:0;s:2:\"28\";i:1;i:0;i:2;i:0;}', 1, 1, '2018-06-23 03:02:20', NULL),
(69, 2, 14, 'a:3:{i:0;a:1:{s:11:\"question_id\";s:2:\"27\";}i:1;a:1:{s:11:\"question_id\";s:2:\"28\";}i:2;a:1:{s:11:\"question_id\";s:2:\"29\";}}', 2, 'a:3:{i:0;i:4;i:1;i:1;i:2;i:3;}', 3, 'a:3:{i:0;s:2:\"28\";i:1;i:0;i:2;i:0;}', 1, 1, '2018-06-23 03:05:34', NULL),
(70, 2, 14, 'a:3:{i:0;a:1:{s:11:\"question_id\";s:2:\"28\";}i:1;a:1:{s:11:\"question_id\";s:2:\"27\";}i:2;a:1:{s:11:\"question_id\";s:2:\"29\";}}', 2, 'a:3:{i:0;i:4;i:1;i:1;i:2;i:3;}', 3, 'a:3:{i:0;s:2:\"28\";i:1;i:0;i:2;i:0;}', 1, 1, '2018-06-23 03:14:54', NULL),
(71, 2, 14, 'a:3:{i:0;a:1:{s:11:\"question_id\";s:2:\"36\";}i:1;a:1:{s:11:\"question_id\";s:2:\"37\";}i:2;a:1:{s:11:\"question_id\";s:2:\"27\";}}', 2, 'a:3:{i:0;i:4;i:1;i:1;i:2;i:3;}', 3, 'a:3:{i:0;s:2:\"28\";i:1;i:0;i:2;i:0;}', 1, 1, '2018-06-23 03:15:46', NULL),
(72, 2, 14, 'a:3:{i:0;a:1:{s:11:\"question_id\";s:2:\"36\";}i:1;a:1:{s:11:\"question_id\";s:2:\"28\";}i:2;a:1:{s:11:\"question_id\";s:2:\"27\";}}', 2, 'a:3:{i:0;i:4;i:1;i:1;i:2;i:3;}', 3, 'a:3:{i:0;s:2:\"28\";i:1;i:0;i:2;i:0;}', 1, 1, '2018-06-23 03:16:56', NULL),
(73, 2, 14, 'a:3:{i:0;a:1:{s:11:\"question_id\";s:2:\"37\";}i:1;a:1:{s:11:\"question_id\";s:2:\"36\";}i:2;a:1:{s:11:\"question_id\";s:2:\"29\";}}', 2, 'a:3:{i:0;i:4;i:1;i:1;i:2;i:3;}', 3, 'a:3:{i:0;s:2:\"28\";i:1;i:0;i:2;i:0;}', 1, 1, '2018-06-23 03:21:40', NULL),
(74, 2, 14, 'a:3:{i:0;a:1:{s:11:\"question_id\";s:2:\"37\";}i:1;a:1:{s:11:\"question_id\";s:2:\"28\";}i:2;a:1:{s:11:\"question_id\";s:2:\"36\";}}', 2, 'a:3:{i:0;i:4;i:1;i:1;i:2;i:3;}', 3, 'a:3:{i:0;s:2:\"28\";i:1;i:0;i:2;i:0;}', 1, 1, '2018-06-23 03:21:48', NULL),
(75, 2, 14, 'a:3:{i:0;a:1:{s:11:\"question_id\";s:2:\"29\";}i:1;a:1:{s:11:\"question_id\";s:2:\"37\";}i:2;a:1:{s:11:\"question_id\";s:2:\"27\";}}', 2, 'a:3:{i:0;i:4;i:1;i:1;i:2;i:3;}', 3, 'a:3:{i:0;s:2:\"28\";i:1;i:0;i:2;i:0;}', 1, 1, '2018-06-23 03:23:25', NULL),
(76, 2, 15, 'a:3:{i:0;a:1:{s:11:\"question_id\";s:2:\"37\";}i:1;a:1:{s:11:\"question_id\";s:2:\"27\";}i:2;a:1:{s:11:\"question_id\";s:2:\"36\";}}', 0, NULL, 1, NULL, 0, 1, '2018-06-23 03:25:38', NULL),
(77, 2, 14, 'a:3:{i:0;a:1:{s:11:\"question_id\";s:2:\"36\";}i:1;a:1:{s:11:\"question_id\";s:2:\"27\";}i:2;a:1:{s:11:\"question_id\";s:2:\"37\";}}', 2, 'a:3:{i:0;i:4;i:1;i:1;i:2;i:3;}', 3, 'a:3:{i:0;s:2:\"28\";i:1;i:0;i:2;i:0;}', 1, 1, '2018-06-23 03:27:27', NULL),
(78, 2, 14, 'a:3:{i:0;a:1:{s:11:\"question_id\";s:2:\"27\";}i:1;a:1:{s:11:\"question_id\";s:2:\"36\";}i:2;a:1:{s:11:\"question_id\";s:2:\"29\";}}', 2, 'a:3:{i:0;i:4;i:1;i:1;i:2;i:3;}', 3, 'a:3:{i:0;s:2:\"28\";i:1;i:0;i:2;i:0;}', 1, 1, '2018-06-23 03:30:38', NULL),
(79, 2, 14, 'a:3:{i:0;a:1:{s:11:\"question_id\";s:2:\"27\";}i:1;a:1:{s:11:\"question_id\";s:2:\"29\";}i:2;a:1:{s:11:\"question_id\";s:2:\"37\";}}', 2, 'a:3:{i:0;i:4;i:1;i:1;i:2;i:3;}', 3, 'a:3:{i:0;s:2:\"28\";i:1;i:0;i:2;i:0;}', 1, 1, '2018-06-23 03:31:50', NULL),
(80, 2, 14, 'a:3:{i:0;a:1:{s:11:\"question_id\";s:2:\"37\";}i:1;a:1:{s:11:\"question_id\";s:2:\"27\";}i:2;a:1:{s:11:\"question_id\";s:2:\"28\";}}', 2, 'a:3:{i:0;i:4;i:1;i:1;i:2;i:3;}', 3, 'a:3:{i:0;s:2:\"28\";i:1;i:0;i:2;i:0;}', 1, 1, '2018-06-23 03:33:59', NULL),
(81, 2, 14, 'a:3:{i:0;a:1:{s:11:\"question_id\";s:2:\"27\";}i:1;a:1:{s:11:\"question_id\";s:2:\"28\";}i:2;a:1:{s:11:\"question_id\";s:2:\"37\";}}', 2, 'a:3:{i:0;i:4;i:1;i:1;i:2;i:3;}', 3, 'a:3:{i:0;s:2:\"28\";i:1;i:0;i:2;i:0;}', 1, 1, '2018-06-23 03:34:02', NULL),
(82, 2, 14, 'a:3:{i:0;a:1:{s:11:\"question_id\";s:2:\"36\";}i:1;a:1:{s:11:\"question_id\";s:2:\"28\";}i:2;a:1:{s:11:\"question_id\";s:2:\"37\";}}', 2, 'a:3:{i:0;i:4;i:1;i:1;i:2;i:3;}', 3, 'a:3:{i:0;s:2:\"28\";i:1;i:0;i:2;i:0;}', 1, 1, '2018-06-23 03:34:10', NULL),
(83, 2, 14, 'a:3:{i:0;a:1:{s:11:\"question_id\";s:2:\"27\";}i:1;a:1:{s:11:\"question_id\";s:2:\"29\";}i:2;a:1:{s:11:\"question_id\";s:2:\"36\";}}', 2, 'a:3:{i:0;i:4;i:1;i:1;i:2;i:3;}', 3, 'a:3:{i:0;s:2:\"28\";i:1;i:0;i:2;i:0;}', 1, 1, '2018-06-23 03:34:52', NULL),
(84, 2, 14, 'a:3:{i:0;a:1:{s:11:\"question_id\";s:2:\"27\";}i:1;a:1:{s:11:\"question_id\";s:2:\"29\";}i:2;a:1:{s:11:\"question_id\";s:2:\"28\";}}', 2, 'a:3:{i:0;i:4;i:1;i:1;i:2;i:3;}', 3, 'a:3:{i:0;s:2:\"28\";i:1;i:0;i:2;i:0;}', 1, 1, '2018-06-23 03:35:55', NULL),
(85, 2, 14, 'a:3:{i:0;a:1:{s:11:\"question_id\";s:2:\"28\";}i:1;a:1:{s:11:\"question_id\";s:2:\"27\";}i:2;a:1:{s:11:\"question_id\";s:2:\"29\";}}', 2, 'a:3:{i:0;i:4;i:1;i:1;i:2;i:3;}', 3, 'a:3:{i:0;s:2:\"28\";i:1;i:0;i:2;i:0;}', 1, 1, '2018-06-23 03:38:01', NULL),
(86, 2, 9, 'a:10:{i:0;a:1:{s:11:\"question_id\";s:2:\"25\";}i:1;a:1:{s:11:\"question_id\";s:2:\"20\";}i:2;a:1:{s:11:\"question_id\";s:2:\"16\";}i:3;a:1:{s:11:\"question_id\";s:2:\"30\";}i:4;a:1:{s:11:\"question_id\";s:2:\"19\";}i:5;a:1:{s:11:\"question_id\";s:2:\"18\";}i:6;a:1:{s:11:\"question_id\";s:2:\"22\";}i:7;a:1:{s:11:\"question_id\";s:2:\"26\";}i:8;a:1:{s:11:\"question_id\";s:2:\"21\";}i:9;a:1:{s:11:\"question_id\";s:2:\"24\";}}', 9, 'a:10:{i:0;i:3;i:1;i:1;i:2;i:3;i:3;i:3;i:4;i:2;i:5;i:2;i:6;i:1;i:7;i:3;i:8;i:4;i:9;i:4;}', 3, 'a:10:{i:0;i:0;i:1;i:0;i:2;s:2:\"30\";i:3;i:0;i:4;i:0;i:5;i:0;i:6;i:0;i:7;i:0;i:8;i:0;i:9;i:0;}', 1, 1, '2018-06-23 03:39:05', NULL),
(87, 2, 14, 'a:3:{i:0;a:1:{s:11:\"question_id\";s:2:\"29\";}i:1;a:1:{s:11:\"question_id\";s:2:\"28\";}i:2;a:1:{s:11:\"question_id\";s:2:\"27\";}}', 2, 'a:3:{i:0;i:4;i:1;i:1;i:2;i:3;}', 3, 'a:3:{i:0;s:2:\"28\";i:1;i:0;i:2;i:0;}', 1, 1, '2018-06-23 04:06:43', NULL),
(88, 2, 9, 'a:10:{i:0;a:1:{s:11:\"question_id\";s:2:\"18\";}i:1;a:1:{s:11:\"question_id\";s:2:\"20\";}i:2;a:1:{s:11:\"question_id\";s:2:\"30\";}i:3;a:1:{s:11:\"question_id\";s:2:\"24\";}i:4;a:1:{s:11:\"question_id\";s:2:\"25\";}i:5;a:1:{s:11:\"question_id\";s:2:\"17\";}i:6;a:1:{s:11:\"question_id\";s:2:\"21\";}i:7;a:1:{s:11:\"question_id\";s:2:\"19\";}i:8;a:1:{s:11:\"question_id\";s:2:\"26\";}i:9;a:1:{s:11:\"question_id\";s:2:\"22\";}}', 9, 'a:10:{i:0;i:3;i:1;i:1;i:2;i:3;i:3;i:3;i:4;i:2;i:5;i:2;i:6;i:1;i:7;i:3;i:8;i:4;i:9;i:4;}', 3, 'a:10:{i:0;i:0;i:1;i:0;i:2;s:2:\"30\";i:3;i:0;i:4;i:0;i:5;i:0;i:6;i:0;i:7;i:0;i:8;i:0;i:9;i:0;}', 1, 1, '2018-06-29 22:23:32', NULL),
(89, 2, 9, 'a:10:{i:0;a:1:{s:11:\"question_id\";s:2:\"20\";}i:1;a:1:{s:11:\"question_id\";s:2:\"16\";}i:2;a:1:{s:11:\"question_id\";s:2:\"30\";}i:3;a:1:{s:11:\"question_id\";s:2:\"17\";}i:4;a:1:{s:11:\"question_id\";s:2:\"25\";}i:5;a:1:{s:11:\"question_id\";s:2:\"24\";}i:6;a:1:{s:11:\"question_id\";s:2:\"26\";}i:7;a:1:{s:11:\"question_id\";s:2:\"23\";}i:8;a:1:{s:11:\"question_id\";s:2:\"21\";}i:9;a:1:{s:11:\"question_id\";s:2:\"19\";}}', 9, 'a:10:{i:0;i:3;i:1;i:1;i:2;i:3;i:3;i:3;i:4;i:2;i:5;i:2;i:6;i:1;i:7;i:3;i:8;i:4;i:9;i:4;}', 3, 'a:10:{i:0;i:0;i:1;i:0;i:2;s:2:\"30\";i:3;i:0;i:4;i:0;i:5;i:0;i:6;i:0;i:7;i:0;i:8;i:0;i:9;i:0;}', 1, 1, '2018-06-29 23:34:00', NULL),
(90, 2, 14, 'a:3:{i:0;a:1:{s:11:\"question_id\";s:2:\"28\";}i:1;a:1:{s:11:\"question_id\";s:2:\"27\";}i:2;a:1:{s:11:\"question_id\";s:2:\"29\";}}', 2, 'a:3:{i:0;i:4;i:1;i:1;i:2;i:3;}', 3, 'a:3:{i:0;s:2:\"28\";i:1;i:0;i:2;i:0;}', 1, 1, '2018-06-30 00:10:21', NULL),
(91, 2, 16, 'a:12:{i:0;a:1:{s:11:\"question_id\";s:2:\"21\";}i:1;a:1:{s:11:\"question_id\";s:2:\"30\";}i:2;a:1:{s:11:\"question_id\";s:2:\"25\";}i:3;a:1:{s:11:\"question_id\";s:2:\"19\";}i:4;a:1:{s:11:\"question_id\";s:2:\"22\";}i:5;a:1:{s:11:\"question_id\";s:2:\"20\";}i:6;a:1:{s:11:\"question_id\";s:2:\"23\";}i:7;a:1:{s:11:\"question_id\";s:2:\"17\";}i:8;a:1:{s:11:\"question_id\";s:2:\"24\";}i:9;a:1:{s:11:\"question_id\";s:2:\"26\";}i:10;a:1:{s:11:\"question_id\";s:2:\"16\";}i:11;a:1:{s:11:\"question_id\";s:2:\"18\";}}', 11, 'a:12:{i:0;i:4;i:1;i:3;i:2;i:2;i:3;i:4;i:4;i:1;i:5;i:3;i:6;i:3;i:7;i:3;i:8;i:2;i:9;i:1;i:10;i:1;i:11;i:1;}', 3, 'a:12:{i:0;i:0;i:1;s:2:\"30\";i:2;i:0;i:3;i:0;i:4;i:0;i:5;i:0;i:6;i:0;i:7;i:0;i:8;i:0;i:9;i:0;i:10;i:0;i:11;i:0;}', 1, 1, '2018-06-30 00:52:40', NULL),
(92, 2, 25, 'a:3:{i:0;a:1:{s:11:\"question_id\";s:3:\"188\";}i:1;a:1:{s:11:\"question_id\";s:3:\"190\";}i:2;a:1:{s:11:\"question_id\";s:3:\"189\";}}', 3, 'a:3:{i:0;i:4;i:1;i:1;i:2;i:1;}', 3, 'a:3:{i:0;i:0;i:1;i:0;i:2;i:0;}', 1, 1, '2018-07-04 23:21:01', NULL),
(93, 2, 25, 'a:3:{i:0;a:1:{s:11:\"question_id\";s:3:\"189\";}i:1;a:1:{s:11:\"question_id\";s:3:\"186\";}i:2;a:1:{s:11:\"question_id\";s:3:\"190\";}}', 3, 'a:3:{i:0;i:4;i:1;i:1;i:2;i:1;}', 3, 'a:3:{i:0;i:0;i:1;i:0;i:2;i:0;}', 1, 1, '2018-07-04 23:23:23', NULL),
(94, 2, 25, 'a:3:{i:0;a:1:{s:11:\"question_id\";s:3:\"188\";}i:1;a:1:{s:11:\"question_id\";s:3:\"186\";}i:2;a:1:{s:11:\"question_id\";s:3:\"187\";}}', 3, 'a:3:{i:0;i:4;i:1;i:1;i:2;i:1;}', 3, 'a:3:{i:0;i:0;i:1;i:0;i:2;i:0;}', 1, 1, '2018-07-04 23:24:23', NULL),
(95, 2, 25, 'a:3:{i:0;a:1:{s:11:\"question_id\";s:3:\"188\";}i:1;a:1:{s:11:\"question_id\";s:3:\"186\";}i:2;a:1:{s:11:\"question_id\";s:3:\"189\";}}', 3, 'a:3:{i:0;i:4;i:1;i:1;i:2;i:1;}', 3, 'a:3:{i:0;i:0;i:1;i:0;i:2;i:0;}', 1, 1, '2018-07-04 23:24:34', NULL),
(96, 2, 26, 'a:4:{i:0;a:1:{s:11:\"question_id\";s:3:\"190\";}i:1;a:1:{s:11:\"question_id\";s:3:\"189\";}i:2;a:1:{s:11:\"question_id\";s:3:\"188\";}i:3;a:1:{s:11:\"question_id\";s:3:\"186\";}}', 4, 'a:4:{i:0;i:1;i:1;i:1;i:2;i:4;i:3;i:1;}', 3, 'a:4:{i:0;i:0;i:1;i:0;i:2;i:0;i:3;i:0;}', 1, 1, '2018-07-04 23:25:15', NULL),
(97, 2, 27, 'a:5:{i:0;a:1:{s:11:\"question_id\";s:3:\"187\";}i:1;a:1:{s:11:\"question_id\";s:3:\"188\";}i:2;a:1:{s:11:\"question_id\";s:3:\"186\";}i:3;a:1:{s:11:\"question_id\";s:3:\"189\";}i:4;a:1:{s:11:\"question_id\";s:3:\"190\";}}', 5, 'a:5:{i:0;i:1;i:1;i:1;i:2;i:2;i:3;i:4;i:4;i:1;}', 3, 'a:5:{i:0;i:0;i:1;i:0;i:2;i:0;i:3;i:0;i:4;i:0;}', 1, 1, '2018-07-04 23:42:22', NULL),
(98, 2, 27, 'a:5:{i:0;a:1:{s:11:\"question_id\";s:3:\"189\";}i:1;a:1:{s:11:\"question_id\";s:3:\"186\";}i:2;a:1:{s:11:\"question_id\";s:3:\"187\";}i:3;a:1:{s:11:\"question_id\";s:3:\"188\";}i:4;a:1:{s:11:\"question_id\";s:3:\"190\";}}', 5, 'a:5:{i:0;i:1;i:1;i:1;i:2;i:2;i:3;i:4;i:4;i:1;}', 3, 'a:5:{i:0;i:0;i:1;i:0;i:2;i:0;i:3;i:0;i:4;i:0;}', 1, 1, '2018-07-04 23:44:19', NULL),
(102, 2, 24, 'a:5:{i:0;a:1:{s:11:\"question_id\";s:3:\"186\";}i:1;a:1:{s:11:\"question_id\";s:3:\"190\";}i:2;a:1:{s:11:\"question_id\";s:3:\"188\";}i:3;a:1:{s:11:\"question_id\";s:3:\"189\";}i:4;a:1:{s:11:\"question_id\";s:3:\"187\";}}', 4, 'a:5:{i:0;i:2;i:1;i:1;i:2;i:1;i:3;i:1;i:4;i:1;}', 3, 'a:5:{i:0;i:0;i:1;i:0;i:2;i:0;i:3;i:0;i:4;s:3:\"188\";}', 1, 1, '2018-07-05 00:06:09', NULL),
(103, 2, 24, 'a:5:{i:0;a:1:{s:11:\"question_id\";s:3:\"187\";}i:1;a:1:{s:11:\"question_id\";s:3:\"186\";}i:2;a:1:{s:11:\"question_id\";s:3:\"189\";}i:3;a:1:{s:11:\"question_id\";s:3:\"190\";}i:4;a:1:{s:11:\"question_id\";s:3:\"188\";}}', 4, 'a:5:{i:0;i:2;i:1;i:1;i:2;i:1;i:3;i:1;i:4;i:1;}', 3, 'a:5:{i:0;i:0;i:1;i:0;i:2;i:0;i:3;i:0;i:4;s:3:\"188\";}', 1, 1, '2018-07-05 00:11:58', NULL),
(106, 1, 9, 'a:10:{i:0;a:1:{s:11:\"question_id\";s:2:\"20\";}i:1;a:1:{s:11:\"question_id\";s:2:\"30\";}i:2;a:1:{s:11:\"question_id\";s:2:\"26\";}i:3;a:1:{s:11:\"question_id\";s:2:\"25\";}i:4;a:1:{s:11:\"question_id\";s:2:\"17\";}i:5;a:1:{s:11:\"question_id\";s:2:\"23\";}i:6;a:1:{s:11:\"question_id\";s:2:\"24\";}i:7;a:1:{s:11:\"question_id\";s:2:\"21\";}i:8;a:1:{s:11:\"question_id\";s:2:\"18\";}i:9;a:1:{s:11:\"question_id\";s:2:\"16\";}}', 9, 'a:10:{i:0;i:4;i:1;i:1;i:2;i:3;i:3;i:3;i:4;i:3;i:5;i:1;i:6;i:1;i:7;i:1;i:8;i:4;i:9;i:2;}', 3, 'a:10:{i:0;i:0;i:1;i:0;i:2;i:0;i:3;s:2:\"30\";i:4;i:0;i:5;i:0;i:6;i:0;i:7;i:0;i:8;i:0;i:9;i:0;}', 1, 1, '2018-07-08 07:38:51', NULL),
(107, 1, 9, 'a:10:{i:0;a:1:{s:11:\"question_id\";s:2:\"21\";}i:1;a:1:{s:11:\"question_id\";s:2:\"22\";}i:2;a:1:{s:11:\"question_id\";s:2:\"20\";}i:3;a:1:{s:11:\"question_id\";s:2:\"30\";}i:4;a:1:{s:11:\"question_id\";s:2:\"17\";}i:5;a:1:{s:11:\"question_id\";s:2:\"26\";}i:6;a:1:{s:11:\"question_id\";s:2:\"16\";}i:7;a:1:{s:11:\"question_id\";s:2:\"18\";}i:8;a:1:{s:11:\"question_id\";s:2:\"19\";}i:9;a:1:{s:11:\"question_id\";s:2:\"24\";}}', 9, 'a:10:{i:0;i:4;i:1;i:1;i:2;i:3;i:3;i:3;i:4;i:3;i:5;i:1;i:6;i:1;i:7;i:1;i:8;i:4;i:9;i:2;}', 3, 'a:10:{i:0;i:0;i:1;i:0;i:2;i:0;i:3;s:2:\"30\";i:4;i:0;i:5;i:0;i:6;i:0;i:7;i:0;i:8;i:0;i:9;i:0;}', 1, 1, '2018-07-08 07:39:10', NULL),
(108, 2, 25, 'a:3:{i:0;a:1:{s:11:\"question_id\";s:3:\"190\";}i:1;a:1:{s:11:\"question_id\";s:3:\"188\";}i:2;a:1:{s:11:\"question_id\";s:3:\"189\";}}', 0, NULL, 1, NULL, 0, 1, '2018-07-11 22:30:08', NULL),
(109, 2, 25, 'a:3:{i:0;a:1:{s:11:\"question_id\";s:3:\"186\";}i:1;a:1:{s:11:\"question_id\";s:3:\"189\";}i:2;a:1:{s:11:\"question_id\";s:3:\"188\";}}', 0, NULL, 1, NULL, 0, 1, '2018-07-11 22:30:13', NULL),
(110, 2, 24, 'a:5:{i:0;a:1:{s:11:\"question_id\";s:3:\"187\";}i:1;a:1:{s:11:\"question_id\";s:3:\"190\";}i:2;a:1:{s:11:\"question_id\";s:3:\"186\";}i:3;a:1:{s:11:\"question_id\";s:3:\"189\";}i:4;a:1:{s:11:\"question_id\";s:3:\"188\";}}', 4, 'a:5:{i:0;i:2;i:1;i:1;i:2;i:1;i:3;i:1;i:4;i:1;}', 3, 'a:5:{i:0;i:0;i:1;i:0;i:2;i:0;i:3;i:0;i:4;s:3:\"188\";}', 1, 1, '2018-07-13 22:19:01', NULL),
(111, 2, 24, 'a:5:{i:0;a:1:{s:11:\"question_id\";s:3:\"188\";}i:1;a:1:{s:11:\"question_id\";s:3:\"190\";}i:2;a:1:{s:11:\"question_id\";s:3:\"189\";}i:3;a:1:{s:11:\"question_id\";s:3:\"186\";}i:4;a:1:{s:11:\"question_id\";s:3:\"187\";}}', 0, NULL, 1, NULL, 0, 1, '2018-07-13 22:29:26', NULL),
(112, 2, 24, 'a:5:{i:0;a:1:{s:11:\"question_id\";s:3:\"190\";}i:1;a:1:{s:11:\"question_id\";s:3:\"186\";}i:2;a:1:{s:11:\"question_id\";s:3:\"188\";}i:3;a:1:{s:11:\"question_id\";s:3:\"189\";}i:4;a:1:{s:11:\"question_id\";s:3:\"187\";}}', 0, NULL, 1, NULL, 0, 1, '2018-07-13 22:31:02', NULL),
(113, 2, 24, 'a:5:{i:0;a:1:{s:11:\"question_id\";s:3:\"186\";}i:1;a:1:{s:11:\"question_id\";s:3:\"188\";}i:2;a:1:{s:11:\"question_id\";s:3:\"189\";}i:3;a:1:{s:11:\"question_id\";s:3:\"190\";}i:4;a:1:{s:11:\"question_id\";s:3:\"187\";}}', 0, NULL, 1, NULL, 0, 1, '2018-07-13 22:32:46', NULL),
(114, 2, 24, 'a:5:{i:0;a:1:{s:11:\"question_id\";s:3:\"187\";}i:1;a:1:{s:11:\"question_id\";s:3:\"186\";}i:2;a:1:{s:11:\"question_id\";s:3:\"190\";}i:3;a:1:{s:11:\"question_id\";s:3:\"189\";}i:4;a:1:{s:11:\"question_id\";s:3:\"188\";}}', 0, NULL, 1, NULL, 0, 1, '2018-07-13 22:34:29', NULL),
(115, 2, 24, 'a:5:{i:0;a:1:{s:11:\"question_id\";s:3:\"190\";}i:1;a:1:{s:11:\"question_id\";s:3:\"186\";}i:2;a:1:{s:11:\"question_id\";s:3:\"188\";}i:3;a:1:{s:11:\"question_id\";s:3:\"187\";}i:4;a:1:{s:11:\"question_id\";s:3:\"189\";}}', 0, NULL, 1, NULL, 0, 1, '2018-07-13 22:42:06', NULL),
(116, 2, 24, 'a:5:{i:0;a:1:{s:11:\"question_id\";s:3:\"187\";}i:1;a:1:{s:11:\"question_id\";s:3:\"188\";}i:2;a:1:{s:11:\"question_id\";s:3:\"186\";}i:3;a:1:{s:11:\"question_id\";s:3:\"189\";}i:4;a:1:{s:11:\"question_id\";s:3:\"190\";}}', 0, NULL, 1, NULL, 0, 1, '2018-07-13 22:46:31', NULL),
(117, 2, 24, 'a:5:{i:0;a:1:{s:11:\"question_id\";s:3:\"187\";}i:1;a:1:{s:11:\"question_id\";s:3:\"190\";}i:2;a:1:{s:11:\"question_id\";s:3:\"189\";}i:3;a:1:{s:11:\"question_id\";s:3:\"188\";}i:4;a:1:{s:11:\"question_id\";s:3:\"186\";}}', 0, NULL, 1, NULL, 0, 1, '2018-07-13 22:49:01', NULL),
(118, 2, 24, 'a:5:{i:0;a:1:{s:11:\"question_id\";s:3:\"186\";}i:1;a:1:{s:11:\"question_id\";s:3:\"187\";}i:2;a:1:{s:11:\"question_id\";s:3:\"188\";}i:3;a:1:{s:11:\"question_id\";s:3:\"189\";}i:4;a:1:{s:11:\"question_id\";s:3:\"190\";}}', 0, NULL, 1, NULL, 0, 1, '2018-07-13 22:50:54', NULL),
(119, 2, 24, 'a:5:{i:0;a:1:{s:11:\"question_id\";s:3:\"187\";}i:1;a:1:{s:11:\"question_id\";s:3:\"188\";}i:2;a:1:{s:11:\"question_id\";s:3:\"186\";}i:3;a:1:{s:11:\"question_id\";s:3:\"189\";}i:4;a:1:{s:11:\"question_id\";s:3:\"190\";}}', 5, 'a:5:{i:0;i:2;i:1;i:4;i:2;i:1;i:3;i:1;i:4;i:1;}', 3, 'a:5:{i:0;i:0;i:1;i:0;i:2;i:0;i:3;i:0;i:4;i:0;}', 1, 1, '2018-07-13 22:50:56', NULL),
(120, 20, 25, 'a:3:{i:0;a:1:{s:11:\"question_id\";s:3:\"188\";}i:1;a:1:{s:11:\"question_id\";s:3:\"189\";}i:2;a:1:{s:11:\"question_id\";s:3:\"190\";}}', 3, 'a:3:{i:0;i:4;i:1;i:1;i:2;i:1;}', 3, 'a:3:{i:0;i:0;i:1;i:0;i:2;i:0;}', 1, 1, '2018-07-14 12:02:45', NULL),
(121, 20, 47, 'a:3:{i:0;a:1:{s:11:\"question_id\";s:3:\"202\";}i:1;a:1:{s:11:\"question_id\";s:3:\"204\";}i:2;a:1:{s:11:\"question_id\";s:3:\"203\";}}', 3, 'a:3:{i:0;s:201:\"Addition is one of the four basic operations of arithmetic; the others are subtraction, multiplication and division. The addition of two whole numbers is the total amount of those quantities combined. \";i:1;s:260:\"In elementary arithmetic, a carry is a digit that is transferred from one column of digits to another column of more significant digits. It is part of the standard algorithm to add numbers together by starting with the rightmost digits and working to the left.\";i:2;s:185:\"hen kids are learning two-digit addition and subtraction, one of the concepts they\'ll encounter is regrouping, which is also known as borrowing and carrying, carry-over, or column math.\";}', 3, 'a:3:{i:0;s:3:\"202\";i:1;s:3:\"204\";i:2;s:3:\"203\";}', 1, 1, '2018-07-14 12:24:02', '2018-07-14 05:14:14'),
(122, 2, 26, 'a:4:{i:0;a:1:{s:11:\"question_id\";s:3:\"190\";}i:1;a:1:{s:11:\"question_id\";s:3:\"189\";}i:2;a:1:{s:11:\"question_id\";s:3:\"186\";}i:3;a:1:{s:11:\"question_id\";s:3:\"188\";}}', 0, NULL, 1, NULL, 0, 1, '2018-07-24 09:45:49', NULL),
(123, 2, 67, 'a:5:{i:0;a:1:{s:11:\"question_id\";s:3:\"197\";}i:1;a:1:{s:11:\"question_id\";s:3:\"198\";}i:2;a:1:{s:11:\"question_id\";s:3:\"191\";}i:3;a:1:{s:11:\"question_id\";s:3:\"194\";}i:4;a:1:{s:11:\"question_id\";s:3:\"192\";}}', 0, NULL, 1, NULL, 0, 1, '2018-07-31 07:42:09', NULL),
(131, 2, 67, 'a:5:{i:0;a:1:{s:11:\"question_id\";s:3:\"200\";}i:1;a:1:{s:11:\"question_id\";s:3:\"191\";}i:2;a:1:{s:11:\"question_id\";s:3:\"193\";}i:3;a:1:{s:11:\"question_id\";s:3:\"194\";}i:4;a:1:{s:11:\"question_id\";s:3:\"197\";}}', 4, 'a:5:{i:0;i:3;i:1;i:1;i:2;i:4;i:3;i:4;i:4;i:3;}', 3, 'a:5:{i:0;s:3:\"200\";i:1;i:0;i:2;i:0;i:3;i:0;i:4;i:0;}', 1, 1, '2018-08-02 07:09:16', NULL);
INSERT INTO `tbl_course_section_progress` (`section_progress_id`, `user_id`, `section_item_id`, `questions`, `score`, `answers`, `status`, `wrong_answer_question_ids`, `pass_failed`, `active`, `date_added`, `date_approved`) VALUES
(132, 2, 67, 'a:5:{i:0;a:1:{s:11:\"question_id\";s:3:\"200\";}i:1;a:1:{s:11:\"question_id\";s:3:\"193\";}i:2;a:1:{s:11:\"question_id\";s:3:\"195\";}i:3;a:1:{s:11:\"question_id\";s:3:\"199\";}i:4;a:1:{s:11:\"question_id\";s:3:\"191\";}}', 0, NULL, 1, NULL, 0, 1, '2018-08-05 13:26:45', NULL),
(133, 2, 67, 'a:5:{i:0;a:1:{s:11:\"question_id\";s:3:\"198\";}i:1;a:1:{s:11:\"question_id\";s:3:\"196\";}i:2;a:1:{s:11:\"question_id\";s:3:\"191\";}i:3;a:1:{s:11:\"question_id\";s:3:\"194\";}i:4;a:1:{s:11:\"question_id\";s:3:\"192\";}}', 0, NULL, 1, NULL, 0, 1, '2018-08-05 13:26:58', NULL),
(134, 2, 67, 'a:5:{i:0;a:1:{s:11:\"question_id\";s:3:\"195\";}i:1;a:1:{s:11:\"question_id\";s:3:\"198\";}i:2;a:1:{s:11:\"question_id\";s:3:\"191\";}i:3;a:1:{s:11:\"question_id\";s:3:\"193\";}i:4;a:1:{s:11:\"question_id\";s:3:\"192\";}}', 0, NULL, 1, NULL, 0, 1, '2018-08-05 13:28:06', NULL),
(136, 2, 68, 'a:5:{i:0;a:1:{s:11:\"question_id\";s:3:\"199\";}i:1;a:1:{s:11:\"question_id\";s:3:\"192\";}i:2;a:1:{s:11:\"question_id\";s:3:\"194\";}i:3;a:1:{s:11:\"question_id\";s:3:\"196\";}i:4;a:1:{s:11:\"question_id\";s:3:\"191\";}}', 4, 'a:5:{i:0;i:4;i:1;i:2;i:2;i:4;i:3;i:2;i:4;i:1;}', 3, 'a:5:{i:0;s:3:\"199\";i:1;i:0;i:2;i:0;i:3;i:0;i:4;i:0;}', 1, 1, '2018-08-05 15:04:09', NULL);

-- --------------------------------------------------------

--
-- Table structure for table `tbl_discussion`
--

CREATE TABLE `tbl_discussion` (
  `discussion_id` int(11) NOT NULL,
  `course_id` int(11) NOT NULL,
  `section_item_id` int(11) NOT NULL,
  `user_id` int(11) NOT NULL,
  `comment` text DEFAULT NULL,
  `is_reply` int(11) DEFAULT 0,
  `reply_to` int(11) DEFAULT NULL,
  `date_added` datetime NOT NULL DEFAULT current_timestamp()
) ENGINE=InnoDB DEFAULT CHARSET=latin1;

--
-- Dumping data for table `tbl_discussion`
--

INSERT INTO `tbl_discussion` (`discussion_id`, `course_id`, `section_item_id`, `user_id`, `comment`, `is_reply`, `reply_to`, `date_added`) VALUES
(1, 11, 14, 2, 'TEST COMMENT', 0, NULL, '2018-06-20 21:29:24'),
(2, 11, 14, 2, 'test12', 0, NULL, '2018-06-20 22:30:47'),
(3, 11, 14, 2, 'test 3', 0, NULL, '2018-06-20 22:35:10'),
(4, 11, 14, 2, 'test 4', 0, NULL, '2018-06-20 22:35:13'),
(5, 11, 14, 2, 'test3', 0, NULL, '2018-06-20 22:36:10'),
(6, 11, 14, 2, 'test3', 0, NULL, '2018-06-20 22:36:37'),
(7, 11, 14, 2, 'test3', 0, NULL, '2018-06-20 22:37:20'),
(8, 8, 1, 2, 'test comment here', 0, NULL, '2018-06-20 22:44:20'),
(9, 8, 1, 2, 'test comment here2', 0, NULL, '2018-06-20 22:44:24'),
(10, 8, 1, 2, 'test comment here3', 0, NULL, '2018-06-20 22:44:27'),
(11, 8, 1, 2, 'test comment here5', 0, NULL, '2018-06-20 22:44:30'),
(12, 8, 1, 2, 'test comment here6', 0, NULL, '2018-06-20 22:44:36'),
(13, 8, 1, 2, 'test comment here7', 0, NULL, '2018-06-20 22:44:54'),
(14, 8, 1, 2, 'test comment her7easd', 0, NULL, '2018-06-20 22:44:58'),
(15, 8, 1, 2, 'test comment her7easdasd', 0, NULL, '2018-06-20 22:44:59'),
(16, 8, 1, 2, 'test comment her7easdasdads', 0, NULL, '2018-06-20 22:45:01'),
(17, 11, 14, 1, 'HEY HEY', 0, NULL, '2018-06-20 22:54:37'),
(18, 11, 14, 1, 'HEY HEY2', 0, NULL, '2018-06-20 22:54:57'),
(19, 11, 14, 1, 'HEY HEY2', 0, NULL, '2018-06-20 22:55:06'),
(20, 11, 14, 1, 'HEY HEY2', 0, NULL, '2018-06-20 22:55:35'),
(21, 11, 14, 1, 'HEY HEY2', 0, NULL, '2018-06-20 22:55:37'),
(22, 11, 15, 1, 'TEST HERE AGAIN', 0, NULL, '2018-06-20 23:57:35'),
(23, 11, 15, 1, 'TEST ', 0, NULL, '2018-06-21 00:15:51'),
(24, 11, 15, 1, 'TEST555', 0, NULL, '2018-06-21 00:17:45'),
(25, 11, 15, 1, 'ZXczxcxzczxczczxcz', 0, NULL, '2018-06-21 00:18:44'),
(27, 11, 14, 2, 'TEST COMMENTzzzzz', 0, NULL, '2018-06-21 09:38:54'),
(28, 11, 14, 2, 'HIdadasdasd', 0, NULL, '2018-06-21 09:45:25'),
(29, 11, 14, 2, 'asdASDASDASD:KA:DA', 0, NULL, '2018-06-21 09:45:31'),
(30, 11, 14, 2, 'axasdasdasdasdas', 0, NULL, '2018-06-21 09:45:54'),
(31, 11, 14, 2, '22222222222', 0, NULL, '2018-06-21 09:46:06'),
(32, 8, 1, 4, 'qddsfsadfsfsdfsdfsdf', 0, NULL, '2018-06-29 20:45:22'),
(33, 11, 14, 2, 'TEST COMMENTzzzzz', 1, 31, '2018-06-29 21:31:58'),
(34, 11, 15, 4, 'asdasdasdasdasd', 1, 22, '2018-06-29 22:04:06'),
(35, 11, 15, 4, 'sadsadas', 1, 22, '2018-06-29 22:07:46'),
(36, 11, 15, 4, 'repkly test', 1, 22, '2018-06-29 22:08:07'),
(37, 11, 9, 2, 'TEST COMMENT 06302018', 0, 0, '2018-06-29 23:36:35'),
(38, 11, 9, 2, 'TEST REPLY TO MYSELF', 1, 37, '2018-06-29 23:37:39'),
(39, 11, 9, 2, 'TEST REPLY2', 1, 37, '2018-06-29 23:37:50'),
(40, 11, 9, 4, 'test 07012018', 1, 37, '2018-07-01 00:45:45'),
(41, 33, 24, 2, 'TEST COMMENT', 0, 0, '2018-07-05 00:37:16'),
(42, 33, 24, 3, 'TEST COMMENTasda', 1, 41, '2018-07-12 08:40:23'),
(43, 11, 9, 2, 'This is a new comment from Kath', 1, 37, '2018-07-13 03:40:47'),
(44, 33, 24, 3, 'asdasdasdas', 1, 41, '2018-07-14 00:21:10'),
(45, 33, 24, 3, 'asdasdasdas\n', 0, 0, '2018-07-14 00:21:14'),
(46, 11, 9, 4, 'TESTADSAD', 1, 37, '2018-07-14 18:39:59'),
(47, 11, 9, 4, 'aaasadsads', 0, 0, '2018-07-15 19:35:42'),
(48, 11, 9, 4, 'asdasdasdasd', 0, 0, '2018-07-15 19:36:22'),
(49, 11, 9, 4, 'test here', 1, 47, '2018-07-21 17:17:32'),
(50, 33, 24, 2, 'test here', 1, 45, '2018-07-21 18:52:07'),
(51, 11, 9, 2, 'test here again\n', 0, 0, '2018-07-21 18:55:55'),
(52, 33, 24, 3, 'test 722', 0, 0, '2018-07-21 19:22:27'),
(53, 8, 1, 2, 'test newww', 0, 0, '2018-07-21 19:51:36'),
(54, 11, 14, 2, 'test test here again', 0, 0, '2018-07-21 19:51:49'),
(55, 33, 24, 2, '1234566766', 0, 0, '2018-07-21 19:52:10'),
(56, 11, 9, 2, 'test test test', 1, 37, '2018-07-21 19:52:31'),
(57, 11, 9, 4, 'test test test teacher\n', 0, 0, '2018-07-21 19:54:08'),
(58, 11, 14, 4, 'TEST HERE', 0, 0, '2018-08-02 07:19:38'),
(59, 11, 14, 4, 'TEST AGAIN HERE', 0, 0, '2018-08-05 14:47:25');

-- --------------------------------------------------------

--
-- Table structure for table `tbl_education_level`
--

CREATE TABLE `tbl_education_level` (
  `edu_level_id` int(11) NOT NULL,
  `edu_level_description` varchar(45) NOT NULL
) ENGINE=InnoDB DEFAULT CHARSET=latin1;

--
-- Dumping data for table `tbl_education_level`
--

INSERT INTO `tbl_education_level` (`edu_level_id`, `edu_level_description`) VALUES
(1, 'Elementary'),
(2, 'Secondary'),
(3, 'Undergraduate'),
(4, 'Bachelors'),
(5, 'Post Graduate');

-- --------------------------------------------------------

--
-- Table structure for table `tbl_enroll`
--

CREATE TABLE `tbl_enroll` (
  `enroll_id` int(11) NOT NULL,
  `course_id` int(11) NOT NULL,
  `user_id` int(11) NOT NULL,
  `date_enrolled` datetime NOT NULL DEFAULT current_timestamp()
) ENGINE=InnoDB DEFAULT CHARSET=latin1;

--
-- Dumping data for table `tbl_enroll`
--

INSERT INTO `tbl_enroll` (`enroll_id`, `course_id`, `user_id`, `date_enrolled`) VALUES
(1, 8, 2, '2018-06-07 21:15:55'),
(4, 11, 2, '2018-06-07 21:36:13'),
(5, 11, 6, '2018-06-17 16:01:38'),
(6, 11, 1, '2018-06-20 22:53:01'),
(7, 24, 4, '2018-07-01 01:22:07'),
(10, 24, 1, '2018-07-04 15:52:50'),
(11, 33, 2, '2018-07-04 22:49:10'),
(12, 36, 7, '2018-07-08 12:45:50'),
(13, 36, 5, '2018-07-08 13:20:53'),
(14, 11, 5, '2018-07-08 13:21:02'),
(15, 38, 8, '2018-07-09 07:02:56'),
(16, 38, 2, '2018-07-10 20:38:09'),
(17, 33, 20, '2018-07-14 12:02:39'),
(18, 33, 12, '2018-07-15 11:33:32'),
(19, 46, 2, '2018-08-05 13:26:44');

-- --------------------------------------------------------

--
-- Table structure for table `tbl_grade_schema`
--

CREATE TABLE `tbl_grade_schema` (
  `g_schema_id` int(11) NOT NULL,
  `course_id` int(11) NOT NULL,
  `grade_from` decimal(10,0) NOT NULL,
  `grade_to` decimal(10,0) NOT NULL,
  `grade_mark` varchar(25) COLLATE utf8mb4_unicode_ci NOT NULL,
  `date_added` datetime NOT NULL DEFAULT current_timestamp()
) ENGINE=InnoDB DEFAULT CHARSET=utf8mb4 COLLATE=utf8mb4_unicode_ci;

--
-- Dumping data for table `tbl_grade_schema`
--

INSERT INTO `tbl_grade_schema` (`g_schema_id`, `course_id`, `grade_from`, `grade_to`, `grade_mark`, `date_added`) VALUES
(1, 29, '95', '100', 'A+', '2018-07-04 09:55:26'),
(2, 29, '80', '94', 'A', '2018-07-04 09:55:26'),
(3, 29, '70', '79', 'B', '2018-07-04 09:55:26'),
(4, 29, '60', '69', 'C', '2018-07-04 09:55:26'),
(5, 29, '50', '59', 'D', '2018-07-04 09:55:26'),
(6, 29, '0', '40', 'F', '2018-07-04 09:55:26'),
(7, 24, '95', '100', 'A+', '2018-07-04 09:55:26'),
(8, 24, '80', '94', 'A', '2018-07-04 09:55:26'),
(9, 24, '70', '79', 'B', '2018-07-04 09:55:26'),
(10, 24, '60', '69', 'C', '2018-07-04 09:55:26'),
(11, 24, '50', '59', 'D', '2018-07-04 09:55:26'),
(12, 24, '0', '40', 'F', '2018-07-04 09:55:26'),
(13, 19, '95', '100', 'A+', '2018-07-04 09:55:26'),
(14, 19, '80', '94', 'A', '2018-07-04 09:55:26'),
(15, 19, '70', '79', 'B', '2018-07-04 09:55:26'),
(16, 19, '60', '69', 'C', '2018-07-04 09:55:26'),
(17, 19, '50', '59', 'D', '2018-07-04 09:55:26'),
(18, 19, '0', '40', 'F', '2018-07-04 09:55:26'),
(20, 11, '95', '100', 'A+', '2018-07-04 09:55:26'),
(21, 11, '80', '94', 'A', '2018-07-04 09:55:26'),
(22, 11, '70', '79', 'B', '2018-07-04 09:55:26'),
(23, 11, '60', '69', 'C', '2018-07-04 09:55:26'),
(24, 11, '50', '59', 'D', '2018-07-04 09:55:26'),
(25, 11, '0', '40', 'F', '2018-07-04 09:55:26'),
(26, 8, '95', '100', 'A+', '2018-07-04 09:55:26'),
(27, 8, '80', '94', 'A', '2018-07-04 09:55:26'),
(28, 8, '70', '79', 'B', '2018-07-04 09:55:26'),
(29, 8, '60', '69', 'C', '2018-07-04 09:55:26'),
(30, 8, '50', '59', 'D', '2018-07-04 09:55:26'),
(31, 8, '0', '40', 'F', '2018-07-04 09:55:26'),
(33, 30, '95', '100', 'A+', '2018-07-04 15:19:23'),
(34, 30, '80', '94', 'A', '2018-07-04 15:19:23'),
(35, 30, '70', '79', 'B', '2018-07-04 15:19:23'),
(36, 30, '60', '69', 'C', '2018-07-04 15:19:23'),
(37, 30, '50', '59', 'D', '2018-07-04 15:19:23'),
(38, 30, '0', '40', 'F', '2018-07-04 15:19:23'),
(39, 31, '95', '100', 'A+', '2018-07-04 15:19:57'),
(40, 31, '80', '94', 'A', '2018-07-04 15:19:57'),
(41, 31, '70', '79', 'B', '2018-07-04 15:19:57'),
(42, 31, '60', '69', 'C', '2018-07-04 15:19:57'),
(43, 31, '50', '59', 'D', '2018-07-04 15:19:57'),
(44, 31, '0', '40', 'F', '2018-07-04 15:19:57'),
(45, 32, '95', '100', 'A+', '2018-07-04 15:26:11'),
(46, 32, '80', '94', 'A', '2018-07-04 15:26:11'),
(47, 32, '70', '79', 'B', '2018-07-04 15:26:11'),
(48, 32, '60', '69', 'C', '2018-07-04 15:26:11'),
(49, 32, '50', '59', 'D', '2018-07-04 15:26:11'),
(52, 32, '0', '40', 'F', '2018-07-04 21:41:38'),
(56, 32, '1', '2', 'G', '2018-07-04 21:44:09'),
(57, 33, '95', '100', 'A+', '2018-07-04 22:20:38'),
(58, 33, '80', '94', 'A', '2018-07-04 22:20:38'),
(59, 33, '70', '79', 'B', '2018-07-04 22:20:38'),
(60, 33, '60', '69', 'C', '2018-07-04 22:20:38'),
(61, 33, '50', '59', 'D', '2018-07-04 22:20:39'),
(62, 33, '0', '40', 'F', '2018-07-04 22:20:39'),
(63, 34, '95', '100', 'A+', '2018-07-04 23:17:04'),
(64, 34, '80', '94', 'A', '2018-07-04 23:17:05'),
(65, 34, '70', '79', 'B', '2018-07-04 23:17:05'),
(66, 34, '60', '69', 'C', '2018-07-04 23:17:05'),
(67, 34, '50', '59', 'D', '2018-07-04 23:17:05'),
(68, 34, '0', '40', 'F', '2018-07-04 23:17:05'),
(69, 35, '95', '100', 'A+', '2018-07-04 23:19:59'),
(70, 35, '80', '94', 'A', '2018-07-04 23:19:59'),
(71, 35, '70', '79', 'B', '2018-07-04 23:19:59'),
(72, 35, '60', '69', 'C', '2018-07-04 23:19:59'),
(73, 35, '50', '59', 'D', '2018-07-04 23:19:59'),
(74, 35, '0', '40', 'F', '2018-07-04 23:19:59'),
(75, 36, '95', '100', 'A+', '2018-07-05 00:40:51'),
(76, 36, '80', '94', 'A', '2018-07-05 00:40:51'),
(77, 36, '70', '79', 'B', '2018-07-05 00:40:51'),
(78, 36, '60', '69', 'C', '2018-07-05 00:40:51'),
(79, 36, '50', '59', 'D', '2018-07-05 00:40:51'),
(80, 36, '0', '40', 'F', '2018-07-05 00:40:51'),
(81, 37, '95', '100', 'A+', '2018-07-05 00:50:39'),
(82, 37, '80', '94', 'A', '2018-07-05 00:50:40'),
(83, 37, '70', '79', 'B', '2018-07-05 00:50:40'),
(84, 37, '60', '69', 'C', '2018-07-05 00:50:40'),
(85, 37, '50', '59', 'D', '2018-07-05 00:50:40'),
(86, 37, '0', '40', 'F', '2018-07-05 00:50:41'),
(87, 38, '95', '100', 'A+', '2018-07-09 04:52:10'),
(88, 38, '80', '94', 'A', '2018-07-09 04:52:10'),
(89, 38, '70', '79', 'B', '2018-07-09 04:52:10'),
(90, 38, '60', '69', 'C', '2018-07-09 04:52:10'),
(91, 38, '50', '59', 'D', '2018-07-09 04:52:10'),
(92, 38, '0', '40', 'F', '2018-07-09 04:52:10'),
(93, 39, '95', '100', 'A+', '2018-07-09 05:18:22'),
(94, 39, '80', '94', 'A', '2018-07-09 05:18:22'),
(95, 39, '70', '79', 'B', '2018-07-09 05:18:22'),
(96, 39, '60', '69', 'C', '2018-07-09 05:18:22'),
(97, 39, '50', '59', 'D', '2018-07-09 05:18:22'),
(98, 39, '0', '40', 'F', '2018-07-09 05:18:22'),
(99, 40, '95', '100', 'A+', '2018-07-10 22:45:52'),
(100, 40, '80', '94', 'A', '2018-07-10 22:45:53'),
(101, 40, '70', '79', 'B', '2018-07-10 22:45:53'),
(102, 40, '60', '69', 'C', '2018-07-10 22:45:53'),
(103, 40, '50', '59', 'D', '2018-07-10 22:45:53'),
(104, 40, '0', '40', 'F', '2018-07-10 22:45:53'),
(105, 33, '1', '2', 'g', '2018-07-13 11:10:23'),
(106, 41, '95', '100', 'A+', '2018-07-14 07:40:57'),
(107, 41, '80', '94', 'A', '2018-07-14 07:40:57'),
(108, 41, '70', '79', 'B', '2018-07-14 07:40:57'),
(109, 41, '60', '69', 'C', '2018-07-14 07:40:57'),
(110, 41, '50', '59', 'D', '2018-07-14 07:40:57'),
(111, 41, '0', '40', 'F', '2018-07-14 07:40:57');

-- --------------------------------------------------------

--
-- Table structure for table `tbl_inquiry`
--

CREATE TABLE `tbl_inquiry` (
  `inquiry_id` int(11) NOT NULL,
  `inquirer_name` varchar(255) COLLATE utf8mb4_unicode_ci NOT NULL,
  `inquirer_email` varchar(500) COLLATE utf8mb4_unicode_ci NOT NULL,
  `inquirer_message` varchar(2500) COLLATE utf8mb4_unicode_ci NOT NULL,
  `date_added` datetime NOT NULL DEFAULT current_timestamp(),
  `active` int(11) NOT NULL DEFAULT 1,
  `date_viewed` datetime DEFAULT NULL,
  `viewed_by_user_id` int(11) DEFAULT NULL
) ENGINE=InnoDB DEFAULT CHARSET=utf8mb4 COLLATE=utf8mb4_unicode_ci;

--
-- Dumping data for table `tbl_inquiry`
--

INSERT INTO `tbl_inquiry` (`inquiry_id`, `inquirer_name`, `inquirer_email`, `inquirer_message`, `date_added`, `active`, `date_viewed`, `viewed_by_user_id`) VALUES
(1, 'KL Lawingco', 'marcjhon18@gmail.com', 'HI TEST TEST TEST', '2018-08-03 17:17:34', 1, NULL, NULL);

-- --------------------------------------------------------

--
-- Table structure for table `tbl_mail_log`
--

CREATE TABLE `tbl_mail_log` (
  `mail_id` int(11) NOT NULL,
  `mail_send_to` varchar(255) DEFAULT NULL,
  `mail_bcc` varchar(255) DEFAULT NULL,
  `mail_subject` text DEFAULT NULL,
  `mail_content` text DEFAULT NULL,
  `mail_send_date` datetime DEFAULT NULL
) ENGINE=InnoDB DEFAULT CHARSET=latin1;

-- --------------------------------------------------------

--
-- Table structure for table `tbl_message`
--

CREATE TABLE `tbl_message` (
  `message_id` int(11) NOT NULL,
  `message_head_id` int(11) NOT NULL,
  `sender_id` int(11) NOT NULL,
  `receiver_id` int(11) NOT NULL,
  `title` varchar(255) CHARACTER SET utf8mb4 COLLATE utf8mb4_unicode_ci DEFAULT NULL,
  `message` text NOT NULL,
  `date_added` datetime NOT NULL DEFAULT current_timestamp(),
  `urgency` int(11) NOT NULL DEFAULT 1 COMMENT '1=normal, 2= urgent'
) ENGINE=InnoDB DEFAULT CHARSET=latin1;

--
-- Dumping data for table `tbl_message`
--

INSERT INTO `tbl_message` (`message_id`, `message_head_id`, `sender_id`, `receiver_id`, `title`, `message`, `date_added`, `urgency`) VALUES
(14, 2, 4, 2, NULL, 'test from teacher', '2018-07-15 21:26:40', 1),
(15, 2, 4, 2, NULL, 'test again from here', '2018-07-15 21:31:05', 1),
(16, 2, 2, 4, NULL, 'Test REPL:Y', '2018-07-15 21:38:44', 1);

-- --------------------------------------------------------

--
-- Table structure for table `tbl_message_heads`
--

CREATE TABLE `tbl_message_heads` (
  `message_heads_id` int(11) NOT NULL,
  `initiator_id` int(11) NOT NULL,
  `to_id` int(11) NOT NULL,
  `date_added` datetime NOT NULL DEFAULT current_timestamp(),
  `last_active_date` datetime DEFAULT current_timestamp(),
  `last_message` text COLLATE utf8mb4_unicode_ci DEFAULT NULL,
  `last_urgency` int(11) DEFAULT 0
) ENGINE=InnoDB DEFAULT CHARSET=utf8mb4 COLLATE=utf8mb4_unicode_ci;

--
-- Dumping data for table `tbl_message_heads`
--

INSERT INTO `tbl_message_heads` (`message_heads_id`, `initiator_id`, `to_id`, `date_added`, `last_active_date`, `last_message`, `last_urgency`) VALUES
(2, 4, 2, '2018-07-15 21:26:40', '2018-07-15 21:38:44', 'Test REPL:Y', 0);

-- --------------------------------------------------------

--
-- Table structure for table `tbl_posts`
--

CREATE TABLE `tbl_posts` (
  `post_id` int(11) NOT NULL,
  `post_type` int(11) NOT NULL COMMENT '1=Normal.2 = Unlocked, 3 = Achievement',
  `post_content` text COLLATE utf8mb4_unicode_ci NOT NULL,
  `user_id` int(11) NOT NULL,
  `active` int(11) NOT NULL DEFAULT 1,
  `date_added` datetime NOT NULL DEFAULT current_timestamp()
) ENGINE=InnoDB DEFAULT CHARSET=utf8mb4 COLLATE=utf8mb4_unicode_ci;

--
-- Dumping data for table `tbl_posts`
--

INSERT INTO `tbl_posts` (`post_id`, `post_type`, `post_content`, `user_id`, `active`, `date_added`) VALUES
(3, 1, 'This status has been edited.asd', 4, 1, '2018-06-30 20:11:14'),
(4, 2, ' KL added a course named  English Exam ', 7, 1, '2018-07-08 12:45:51'),
(5, 2, ' KL added a course named  English Exam ', 5, 1, '2018-07-08 13:20:53'),
(6, 2, ' KL added a course named  Elementary Math ', 5, 1, '2018-07-08 13:21:02'),
(8, 3, ' Eru answered Basic Addition I and scored 9 Points!', 1, 1, '2018-07-08 07:40:40'),
(9, 2, '  added a course named  Math ', 8, 1, '2018-07-09 07:02:56'),
(10, 2, ' KL3 added a course named  Math ', 2, 1, '2018-07-10 20:38:09'),
(11, 1, 'TEST POST HERE', 2, 1, '2018-07-11 21:10:27'),
(12, 3, ' KL3 answered Simple Math 101 and scored 4 Points!', 2, 1, '2018-07-13 22:19:23'),
(13, 3, ' KL3 answered Simple Math 101 and scored 5 Points!', 2, 1, '2018-07-13 22:51:08'),
(14, 1, 'asdsadadada', 3, 1, '2018-07-14 00:20:48'),
(15, 2, ' KL015 added a course named  Simple Math 101 ', 20, 1, '2018-07-14 12:02:39'),
(16, 3, ' KL015 answered Addition Worksheet 1 and scored 3 Points!', 20, 1, '2018-07-14 12:02:54'),
(17, 2, ' KL added a course named  Simple Math 101 ', 12, 1, '2018-07-15 11:33:32'),
(18, 1, 'Test Kath New account', 27, 1, '2018-08-02 04:35:47'),
(19, 3, ' KL answered Addition Worksheet I and scored 4 Points!', 2, 1, '2018-08-02 07:09:40'),
(20, 2, ' KL added a course named  Math Test 0731 ', 2, 1, '2018-08-05 13:26:45'),
(21, 3, ' KL answered Addition Worksheet II and scored 4 Points!', 2, 1, '2018-08-05 15:04:23');

-- --------------------------------------------------------

--
-- Table structure for table `tbl_question`
--

CREATE TABLE `tbl_question` (
  `question_id` int(11) NOT NULL,
  `question_bank_id` int(11) NOT NULL,
  `question_type_id` int(11) NOT NULL,
  `question_title` varchar(255) DEFAULT NULL,
  `question_description` text NOT NULL,
  `question_attachment` text DEFAULT NULL COMMENT 'This is in serialize format',
  `question_answer_mode` int(11) NOT NULL,
  `date_added` datetime NOT NULL DEFAULT current_timestamp()
) ENGINE=InnoDB DEFAULT CHARSET=latin1;

--
-- Dumping data for table `tbl_question`
--

INSERT INTO `tbl_question` (`question_id`, `question_bank_id`, `question_type_id`, `question_title`, `question_description`, `question_attachment`, `question_answer_mode`, `date_added`) VALUES
(1, 1, 1, 'Simple Math 101upd2', '1+1 is equal to 2. How about 1+5 Then?', NULL, 1, '2018-05-27 00:14:58'),
(2, 1, 1, 'Simple Math 102', '2+2 is equal to 5. How about 2+5 Then?', NULL, 2, '2018-05-27 00:14:58'),
(3, 1, 1, 'TEST', 'TEST', NULL, 1, '2018-05-27 00:14:58'),
(4, 1, 2, 'zxcz', 'zxczxc', 'image_20180525-5b07b0c9793dc.jpg', 1, '2018-05-27 00:14:58'),
(6, 1, 2, 'test with images', 'test', NULL, 1, '2018-05-27 00:14:58'),
(7, 1, 1, 'test essauy', 'test essay', NULL, 2, '2018-05-27 00:14:58'),
(8, 1, 1, 'asd', 'asdsad', NULL, 2, '2018-05-27 00:14:58'),
(9, 1, 2, 'test with images2', 'test with image with cover photo', 'image_20180527-5b0a2b6f6e602.jpg', 1, '2018-05-27 11:52:56'),
(10, 23, 1, '1', '1', NULL, 1, '2018-05-27 12:15:09'),
(11, 24, 1, 'Your son had promised to call you to USA,____?', ' Choose the most appropriate words to complete the sentence', NULL, 1, '2018-05-27 19:45:53'),
(12, 24, 2, 'How do koala looks like?', 'Choose appropriate Image', 'image_20180528-5b0b6dc0e1d2e.jpg', 1, '2018-05-27 19:47:45'),
(13, 24, 1, 'He has _____________________________ knowledge on the subject.', 'Choose the most appropriate set of words', NULL, 1, '2018-05-27 19:54:02'),
(14, 24, 3, 'Audio Question Test', 'What sounds like Kalimba', 'image_20180528-5b0b70fc38d3d.jpg', 1, '2018-05-27 20:01:47'),
(15, 24, 1, '1', '1', NULL, 1, '2018-06-02 20:50:03'),
(16, 29, 1, 'Simple Addition', '1+2', NULL, 1, '2018-06-06 01:27:06'),
(17, 29, 1, 'Simple Addition', '4+5', NULL, 1, '2018-06-06 01:27:29'),
(18, 29, 1, 'Simple Addition', '1+2', NULL, 1, '2018-06-12 21:30:30'),
(19, 29, 1, 'Simple Addition', '6+1', NULL, 1, '2018-06-12 21:30:49'),
(20, 29, 1, 'Simple Addition', '4+6', NULL, 1, '2018-06-12 21:31:03'),
(21, 29, 1, 'Simple Addition', '2+4', NULL, 1, '2018-06-12 21:31:23'),
(22, 29, 1, 'Simple Addition', '11+4', NULL, 1, '2018-06-12 21:31:37'),
(23, 29, 1, 'Simple Addition', '1+7', NULL, 1, '2018-06-12 21:31:57'),
(24, 29, 1, 'Simple Addition', '0+9', NULL, 1, '2018-06-12 21:32:18'),
(25, 29, 1, 'Simple Addition', '34+1', NULL, 1, '2018-06-12 21:32:39'),
(26, 29, 1, 'Simple Addition', '1+4', NULL, 1, '2018-06-12 21:33:03'),
(27, 30, 1, 'Simple Substraction', '10-6', NULL, 1, '2018-06-15 11:10:52'),
(28, 30, 1, 'Simple Substraction', '1-3', NULL, 1, '2018-06-15 11:11:08'),
(29, 30, 1, 'Simple Substraction', '50-2', NULL, 1, '2018-06-15 11:11:27'),
(30, 29, 1, 'Simple Addition', '1+2+3', NULL, 1, '2018-06-17 03:37:54'),
(31, 24, 1, 'Sample question', 'This is a sample question', NULL, 1, '2018-06-19 02:34:02'),
(32, 31, 1, 'Q1', 'The __________ protects the brain', NULL, 1, '2018-06-20 20:50:16'),
(33, 31, 1, 'Q2', 'The __________ protect our lungs and heart.', NULL, 1, '2018-06-20 20:51:10'),
(34, 31, 1, 'Q3', 'A __________ is formed when two bones are joined together. ', NULL, 1, '2018-06-20 20:51:42'),
(35, 31, 1, 'Q4', 'The __________ and relaxation of muscles causes body movements. ', NULL, 1, '2018-06-20 20:52:40'),
(36, 31, 1, 'Q5', 'Poor eyesight can be __________ by wearing a pair of contact lenses.', NULL, 1, '2018-06-20 20:53:34'),
(37, 31, 2, 'Q6', 'Sounds captured by the ears are sent to the brain via the  __________.', NULL, 1, '2018-06-20 20:59:46'),
(38, 31, 1, 'Q7', 'Blood is __________ by the heart through blood vessels to all parts of the body.', NULL, 1, '2018-06-20 21:04:12'),
(39, 31, 1, 'Q8', 'Some plants and animals are so __________ that they can\'t be seen with the naked eye.', NULL, 1, '2018-06-20 21:04:45'),
(40, 31, 1, 'Q9', 'To travel to space, we must first __________ the Earth\'s gravitational force. ', NULL, 1, '2018-06-20 21:05:12'),
(41, 31, 1, 'Q10', 'The earthquake __________ a series of devastating tsunamis along the coast of Japan. ', NULL, 1, '2018-06-20 21:05:42'),
(42, 31, 1, 'Q11', 'The doe leapt into some thick bushes, leaving the hunters __________.', NULL, 1, '2018-06-20 21:06:15'),
(43, 31, 1, 'Q12', 'This tournament __________ a lot to me and I cannot afford to lose this set. ', NULL, 1, '2018-06-20 21:06:52'),
(44, 31, 1, 'Q13', 'This tournament __________ a lot to me and I cannot afford to lose this set. ', NULL, 1, '2018-06-20 21:07:27'),
(45, 31, 1, 'Q14', 'His decision to invest in Bitcoins was a __________ one. ', NULL, 1, '2018-06-20 21:08:07'),
(46, 31, 1, 'Q15', 'Rob was very __________ of his neighbour\'s help in looking after his cat while he in hospital.', NULL, 1, '2018-06-20 21:08:38'),
(47, 31, 1, 'Q16', 'We are encouraged to display __________ towards the poor, needy and homeless. ', NULL, 1, '2018-06-20 21:09:07'),
(48, 31, 1, 'Q17', 'Bill was so __________ that he lost his temper and shouted loudly. ', NULL, 1, '2018-06-20 21:09:41'),
(49, 31, 1, 'Q18', 'A tour at the Lourve can be an __________ trip for all of us. ', NULL, 1, '2018-06-20 21:10:14'),
(50, 31, 1, 'Q19', 'After hiking for more than 10km, Andrew\'s legs were __________.', NULL, 1, '2018-06-20 21:10:45'),
(51, 31, 1, 'Q20', 'Their decision to adopt a pet is a very exciting idea but could also be a little __________.', NULL, 1, '2018-06-20 21:24:45'),
(52, 31, 1, 'Q21', 'Joseph __________ to be a teacher when he grows up.', NULL, 1, '2018-06-20 21:26:03'),
(53, 31, 1, 'Q22', 'Where do you __________ to apply for college after the exams?', NULL, 1, '2018-06-20 21:34:36'),
(54, 31, 1, 'Q24', 'The work we do here is __________ and no one should know about it, not even your loved ones. ', NULL, 1, '2018-06-20 21:35:15'),
(55, 31, 1, 'Q25', 'You will feel __________ when you try to move around in the dark while blindfolded. ', NULL, 1, '2018-06-20 21:35:51'),
(56, 31, 1, 'Q26', 'She couldn’t make up her mind and was being __________ as she could only afford to buy either a new book or a new dress.', NULL, 1, '2018-06-20 21:39:16'),
(57, 31, 1, 'Q27', 'Singing the national anthem loudly can be seen as a sign of __________.', NULL, 1, '2018-06-20 21:41:22'),
(58, 31, 1, 'Q28', 'The heavy snowfall was __________ as the weather bureau had forecast sunny weather today. ', NULL, 1, '2018-06-20 22:24:05'),
(59, 31, 1, 'Q29', 'Tabloids newspapers seek readership by __________ stories. ', NULL, 1, '2018-06-20 22:27:37'),
(60, 31, 1, 'Q30', 'Alicia __________ when told about how well she performed in the play last night. ', NULL, 1, '2018-06-20 22:28:05'),
(61, 31, 1, 'Q31', 'The __________ athlete commissioned an artist to paint a huge portrait of himself to be hung in his bathroom. ', NULL, 1, '2018-06-20 22:28:34'),
(62, 31, 1, 'Q32', 'Maya was afraid to be seen as practising __________ and decided against hiring any of her family members. ', NULL, 1, '2018-06-20 22:29:26'),
(63, 31, 1, 'Q33', 'Jane emerged out of the water, __________ for air.', NULL, 1, '2018-06-20 22:31:27'),
(64, 31, 1, 'Q34', 'The broken door was an __________ sign that our house had been broken into. ', NULL, 1, '2018-06-20 22:32:48'),
(65, 31, 1, 'Q35', 'After a long and tiring day at sea, the fishermen returned home with __________ appetites. ', NULL, 1, '2018-06-20 22:35:21'),
(66, 31, 1, 'Q36', 'As a __________, he attempts to explain human behaviour without relying on individual factors. ', NULL, 1, '2018-06-20 22:37:10'),
(67, 31, 1, 'Q37', 'As one of several __________ of the company, it is within his right to use his vote to decide on the company\'s fate at this board meeting. ', NULL, 1, '2018-06-20 22:37:37'),
(68, 31, 1, 'Q38', 'President Obama wrote a __________ titled \"Dreams of my Father\", which was voted by Time Magazine as one of the Top 100 non-fiction books. ', NULL, 1, '2018-06-20 22:38:07'),
(69, 31, 1, 'Q39', 'He is a __________ and that talent earned him a position as an interpreter at the UN.', NULL, 1, '2018-06-20 22:40:15'),
(70, 31, 1, 'Q40', 'The dentist sees so many __________ a day that he has to work till late every day.', NULL, 1, '2018-06-20 22:40:47'),
(71, 31, 1, 'Q41', 'The building developer has just hired Tim to be the __________ to prepare plans and drawings for their new buildings. ', NULL, 1, '2018-06-20 22:41:15'),
(72, 31, 1, 'Q42', 'In any professional football game, you will find a __________ officiating it. ', NULL, 1, '2018-06-20 22:41:45'),
(73, 31, 1, 'Q43', 'He has always been interested in the study of space and the universe. He wants to become an __________.', NULL, 1, '2018-06-20 22:42:17'),
(74, 31, 1, 'Q44', 'He has always been interested in the study of space and the universe. He wants to become an __________.', NULL, 1, '2018-06-20 22:43:17'),
(75, 31, 1, 'Q45', 'In that village, you will find a __________ whose embroidery works are exquisite. ', NULL, 1, '2018-06-20 22:44:14'),
(76, 31, 1, 'Q46', 'Not only does he have a fleet of cars, he also hires a __________ to manage his household for him. ', NULL, 1, '2018-06-20 22:44:50'),
(77, 31, 1, 'Q23', 'I took my shoes to the __________ when the heels came off. ', NULL, 1, '2018-06-20 22:45:58'),
(78, 31, 1, 'Q47', 'Please don\'t lose your house keys. The only available __________ is on vacation right now. ', NULL, 1, '2018-06-20 22:46:42'),
(79, 31, 1, 'Q48', 'The case was thrown out by the judge due to the __________ of the defence lawyer. ', NULL, 1, '2018-06-20 22:47:23'),
(80, 31, 1, 'Q49', 'This is a very old house and the water pipes in it are leaky. I would advise you to ask a __________ to check them.', NULL, 1, '2018-06-20 22:48:15'),
(81, 31, 1, 'Q50', 'It is the duty of the class __________ to collect funds from each student and account for how the money is spent. ', NULL, 1, '2018-06-20 22:48:54'),
(82, 31, 1, 'Q51', 'Due to his __________ condition, this particular drug may affect his blood sugar levels.', NULL, 1, '2018-06-20 22:49:34'),
(83, 31, 1, 'Q52', 'If you need a good __________ for your car, tell me and I will introduce you to mine. ', NULL, 1, '2018-06-20 22:50:06'),
(84, 31, 1, 'Q53', 'A __________ must be both strong and weigh as little as possible to ride a horse effectively. ', NULL, 1, '2018-06-20 22:50:52'),
(85, 31, 1, 'Q54', 'You may want to pass some __________ to the porter once he brings your bags to the room. ', NULL, 1, '2018-06-20 22:51:39'),
(86, 31, 1, 'Q55', 'Being a __________ is something he loves since he\'s always had a sweet tooth. ', NULL, 1, '2018-06-20 22:52:13'),
(87, 31, 2, 'Q56', 'She wanted to bring her sick cat to see a __________ but none is available on a Sunday. ', NULL, 1, '2018-06-20 23:00:30'),
(88, 31, 1, 'Q57', 'The owner of this company hired a celebrity to be their brand __________. ', NULL, 1, '2018-06-20 23:01:06'),
(89, 31, 1, 'Q58', 'After many futile attempts to __________ him, the surgeon had no choice but to pronounce him dead. ', NULL, 1, '2018-06-20 23:01:34'),
(90, 31, 1, 'Q59', 'After a long struggle, she finally __________ to her illness and passed away last night. ', NULL, 1, '2018-06-20 23:02:01'),
(91, 31, 1, 'Q60', 'The measles __________ is usually not given until a child is at least a year old.', NULL, 1, '2018-06-20 23:02:28'),
(92, 31, 1, 'Q61', 'She was so __________ that she was wailing all night upon hearing of her father\'s death. ', NULL, 1, '2018-06-20 23:02:58'),
(93, 31, 1, 'Q62', 'Being depressed for a very long time, Janet was __________ taking anti-depressant medication.', NULL, 1, '2018-06-20 23:03:24'),
(94, 31, 1, 'Q63', 'With the advancement of science and technology, we can expect an increase in life __________.', NULL, 1, '2018-06-20 23:03:52'),
(95, 31, 1, 'Q64', 'Pablo Escobar was a __________ Colombian drug lord. ', NULL, 1, '2018-06-20 23:04:42'),
(96, 31, 2, 'Q65', '__________ is a good way to train the mind and the body to be more disciplined. ', NULL, 1, '2018-06-20 23:11:22'),
(97, 31, 1, 'Q66', 'Due to his frail health, he suffered from __________ after the surgery. ', NULL, 1, '2018-06-20 23:26:47'),
(99, 31, 1, 'Q67', 'The current Mexican President will attend the presidential __________ of one of his closest allies in Latin America.', NULL, 1, '2018-06-20 23:28:24'),
(100, 31, 1, 'Q68', 'His __________ was in tatters after he was implicated in a financial scandal. ', NULL, 1, '2018-06-20 23:29:09'),
(101, 31, 1, 'Q69', 'You should drink plenty of plain water to allow your body to __________ from a bout of flu. ', NULL, 1, '2018-06-20 23:29:42'),
(102, 31, 1, 'Q70', 'Unfortunately for him, his medical bills were very high as he didn’t qualify for any health __________. ', NULL, 1, '2018-06-20 23:30:07'),
(103, 31, 2, 'Q71', 'The body will be moved to the __________ for a post mortem to determine the cause of death. ', NULL, 1, '2018-06-20 23:34:19'),
(105, 31, 1, 'Q72', 'The loss of his wife had __________ effects on his physical well-being. ', NULL, 1, '2018-06-20 23:36:20'),
(106, 31, 1, 'Q73', 'Please refrain from visiting him at the hospital until he has fully __________.', NULL, 1, '2018-06-20 23:36:45'),
(107, 31, 1, 'Q74', 'The specialist at the hospital ______________ Allen with having a mild heart condition. ', NULL, 1, '2018-06-20 23:37:48'),
(108, 31, 1, 'Q75', 'She __________ her ankle because she slipped and fell on a wet and slippery floor. ', NULL, 1, '2018-06-20 23:39:36'),
(109, 31, 1, 'Q76', 'Francis was referred to a __________ due to his mental health issues. ', NULL, 1, '2018-06-20 23:41:52'),
(110, 31, 1, 'Q77', 'You should take your child to a __________ if he or she isn\'t feeling well. ', NULL, 1, '2018-06-20 23:42:24'),
(111, 31, 1, 'Q78', 'A __________ is someone who diagnoses and detects physiological ailments using x-rays and other such imaging equipment.', NULL, 1, '2018-06-20 23:43:02'),
(112, 31, 1, 'Q79', 'He was bleeding __________ and soon lost consciousness.', NULL, 1, '2018-06-20 23:43:26'),
(113, 31, 1, 'Q80', 'There were ___________ power cuts because of the severe winter storm.', NULL, 1, '2018-06-20 23:44:12'),
(114, 31, 1, 'Q81', 'You need to know the type of snake that bit you for us to give you the right __________.', NULL, 1, '2018-06-20 23:44:37'),
(115, 31, 1, 'Q82', 'Some __________ of the flu are runny nose, coughing, sore throat, fever and headache. ', NULL, 1, '2018-06-20 23:45:01'),
(116, 31, 1, 'Q83', 'He deserved the __________ showered on him after running a successful re-election campaign.', NULL, 1, '2018-06-20 23:45:28'),
(117, 31, 1, 'Q84', 'Anne is a highly decorated and __________ researcher in the field of genetic engineering.', NULL, 1, '2018-06-20 23:46:00'),
(118, 31, 1, 'Q85', 'She is known to be a morally upright person and will never __________ a situation for her benefit. ', NULL, 1, '2018-06-20 23:46:23'),
(119, 31, 1, 'Q86', 'Many of the world\'s most __________ artwork can be found at the Louvre in Paris.\n', NULL, 1, '2018-06-20 23:46:54'),
(120, 31, 1, 'Q87', 'The storyline of this movie was so __________ that we already knew how it would end. ', NULL, 1, '2018-06-20 23:47:55'),
(121, 31, 1, 'Q88', 'Syntech Technology is __________ over a possible takeover of their direct competitor. ', NULL, 1, '2018-06-20 23:48:43'),
(122, 31, 1, 'Q89', 'A sense of community is pivotal especially among a __________ society.', NULL, 1, '2018-06-20 23:49:28'),
(123, 31, 1, 'Q90', 'A country\'s judicial system plays a __________ role in its legal framework. ', NULL, 1, '2018-06-20 23:49:57'),
(124, 31, 1, 'Q91', 'As a strong leader, he will be able to mould a group of talented individuals into one __________ unit. ', NULL, 1, '2018-06-20 23:54:48'),
(125, 31, 1, 'Q92', 'Living in the Sahara Desert with just the bare necessities can be a __________ experience for anyone. ', NULL, 1, '2018-06-20 23:55:18'),
(126, 31, 1, 'Q93', 'Anna is a fund manager who has built an impressive financial __________ that generates very high returns. ', NULL, 1, '2018-06-21 00:04:16'),
(127, 31, 1, 'Q94', 'For any democracy to thrive, it is __________to have a free press. ', NULL, 1, '2018-06-21 00:05:30'),
(128, 31, 1, 'Q95', 'There are many __________ to this problem. So, you will have to consider all sides thoroughly. ', NULL, 1, '2018-06-21 00:49:24'),
(129, 31, 1, 'Q96', 'Despite his very best effort, it all __________ in failure and disappointment. ', NULL, 1, '2018-06-21 00:49:53'),
(130, 31, 1, 'Q97', 'The financial __________ of most non-profit organisations is highly dependent on donors and sponsors. ', NULL, 1, '2018-06-21 00:50:23'),
(131, 31, 1, 'Q98', 'Despite her relatively young age, Sandra was quickly promoted as regional manager as she showed a lot of __________.', NULL, 1, '2018-06-21 00:50:54'),
(132, 31, 1, 'Q99', 'The challenge of any government is to eradicate a system that is both __________ and bureaucratic. ', NULL, 1, '2018-06-21 00:51:30'),
(133, 31, 1, 'Q100', 'The development of eco-friendly technologies will eventually __________ many forms of pollution. ', NULL, 1, '2018-06-21 00:52:02'),
(134, 31, 1, 'Q101', 'For better flavour __________, it is best you marinate the meat a day before grilling it. ', NULL, 1, '2018-06-21 00:53:09'),
(135, 31, 1, 'Q102', 'Acid rain caused by pollution is the main reason for the severe __________ on the hillside. ', NULL, 1, '2018-06-21 00:53:35'),
(136, 31, 1, 'Q103', 'Many of his friends were rather __________ of his tales as they knew he tended to exaggerate.', NULL, 1, '2018-06-21 00:54:03'),
(137, 31, 1, 'Q104', 'The dark and gloomy skies look a bit __________.', NULL, 1, '2018-06-21 00:54:28'),
(138, 31, 1, 'Q105', 'Brenda had no __________ vouching for the good character of her protégé. ', NULL, 1, '2018-06-21 00:57:07'),
(139, 31, 1, 'Q106', 'Eric used his entire life savings and with __________ agreed to salvage his father\'s failing retail business. ', NULL, 1, '2018-06-21 00:57:38'),
(140, 31, 1, 'Q107', 'Erin and Joseph are still not financially stable, and therefore ____________ about having a child now.', NULL, 1, '2018-06-21 00:58:02'),
(141, 31, 1, 'Q108', 'Amy listened to Raj\'s story about how he scaled the tallest building in the world with an expression of __________.', NULL, 1, '2018-06-21 00:58:37'),
(142, 31, 1, 'Q109', 'The conservatives among us always view societal change and evolution with a degree of ___________', NULL, 1, '2018-06-21 00:59:07'),
(143, 31, 1, 'Q110', 'Any act of terrorism can be seen as barbaric and an act of __________.', NULL, 1, '2018-06-21 00:59:44'),
(144, 31, 1, 'Q111', 'Trial by jury is a legal process that has a certain degree of __________ elements to it. ', NULL, 1, '2018-06-21 01:00:16'),
(145, 31, 1, 'Q112', 'This horror film is one of the most __________ shows ever produced in Japan. ', NULL, 1, '2018-06-21 01:02:35'),
(146, 31, 1, 'Q113', 'I am usually __________ to disagree with Max, but his ideas today made a lot of sense. ', NULL, 1, '2018-06-21 01:03:03'),
(147, 31, 1, 'Q114', 'Jeremy knows that the best way to improve his performance in the ring is to accept any form of __________.', NULL, 1, '2018-06-21 01:03:27'),
(148, 31, 1, 'Q115', 'She __________ when she recalled her encounter with what she believed was a ghost.', NULL, 1, '2018-06-21 01:05:19'),
(149, 31, 1, 'Q116', 'George was rather reserved and often had a __________ look on him. ', NULL, 1, '2018-06-21 01:06:10'),
(150, 31, 1, 'Q117', 'She spent her early years in a refugee camp in a war-torn country and had seen many ________.', NULL, 1, '2018-06-21 01:06:40'),
(151, 31, 1, 'Q118', 'He made a __________ of the justice system by filing countless appeals and causing delays despite being found guilty of the crime. ', NULL, 1, '2018-06-21 01:07:03'),
(152, 31, 1, 'Q119', 'He was so shocked that he was __________ for a brief moment. ', NULL, 1, '2018-06-21 01:08:15'),
(153, 31, 1, 'Q120', 'Being a rather squeamish person, Alison always found snakes and rats to be rather __________.', NULL, 1, '2018-06-21 01:08:43'),
(154, 31, 1, 'Q121', 'After hours of tough and productive negotiation, she is __________ that an agreement can be reached by the end of the day. ', NULL, 1, '2018-06-21 01:09:22'),
(155, 31, 1, 'Q122', 'He finally __________ after his wife threatened to never talk to him again unless she got what she asked for. ', NULL, 1, '2018-06-21 01:09:52'),
(156, 31, 1, 'Q123', 'I am not sure whether her act of __________ is genuine or just another ploy to gain sympathy. ', NULL, 1, '2018-06-21 01:10:17'),
(157, 31, 1, 'Q124', 'Whenever there was a stranger in the house, Joseph would hide and __________ inside the wardrobe. ', NULL, 1, '2018-06-21 01:10:41'),
(158, 31, 1, 'Q125', 'He is __________ if he thinks that his wife, whom he has abused multiple times, will come back to him after the divorce. ', NULL, 1, '2018-06-21 01:11:26'),
(159, 31, 1, 'Q126', 'Many have found that it is difficult to __________ both science and religion. ', NULL, 1, '2018-06-21 01:11:55'),
(160, 31, 1, 'Q127', 'Due to the low number of new admissions, both schools decided to __________ into one institution. ', NULL, 1, '2018-06-21 01:12:49'),
(161, 31, 1, 'Q128', 'It would be counterproductive for all parties if he were to __________ the new measures deemed detrimental to the business. ', NULL, 1, '2018-06-21 01:19:40'),
(162, 31, 1, 'Q129', 'One way to reduce the cost of medicine is to __________ drug patents and make them accessible to other manufacturers.', NULL, 1, '2018-06-21 01:20:29'),
(163, 31, 1, 'Q130', 'Her fiery rhetoric about gender equality managed to __________ and stir passionate support in a largely female crowd.', NULL, 1, '2018-06-21 01:21:17'),
(164, 31, 1, 'Q131', 'The new extension of his villa was found to be illegally __________ on his neighbour\'s land. ', NULL, 1, '2018-06-21 01:21:51'),
(165, 31, 1, 'Q132', 'The __________ evidence that we had collected wasn’t enough for us to charge him with the crime. ', NULL, 1, '2018-06-21 01:22:15'),
(166, 31, 1, 'Q133', 'It is a shame that his immoral actions brought __________ to the honour of his late father.', NULL, 1, '2018-06-21 01:22:57'),
(167, 31, 1, 'Q134', 'We were warned to __________ extreme care when dealing with highly explosive elements. ', NULL, 1, '2018-06-21 01:23:25'),
(168, 31, 1, 'Q135', 'Extreme measures must be taken to avoid a __________ of last night\'s horrifying event. ', NULL, 1, '2018-06-21 01:23:54'),
(169, 31, 1, 'Q136', 'Due to the economic __________, the company had no choice but to file for bankruptcy protection. ', NULL, 1, '2018-06-21 01:24:25'),
(170, 31, 1, 'Q137', 'His cancer has been in __________ for years even though he has never undergone chemotherapy. ', NULL, 1, '2018-06-21 01:24:50'),
(171, 31, 1, 'Q138', 'Some wild animals __________ death when they sense a threat or danger lurking. ', NULL, 1, '2018-06-21 01:25:13'),
(172, 31, 1, 'Q139', 'There is a high __________ between smoking and getting lung cancer. ', NULL, 1, '2018-06-21 01:25:44'),
(173, 31, 1, 'Q140', 'The thieves\' plan was to __________ the security guards and then proceed to the vault.', NULL, 1, '2018-06-21 01:26:51'),
(174, 31, 1, 'Q141', 'As a minor, he will need his parents __________ to apply for a change of school. ', NULL, 1, '2018-06-21 01:27:51'),
(175, 31, 1, 'Q142', 'Emboldened by the unpopular nature of the government, the opposition took their voices of __________ to the masses. ', NULL, 1, '2018-06-21 01:28:25'),
(176, 31, 1, 'Q143', 'He felt as if he had signed his own death ___________ as soon as he cooperated with the police against the triad leader.', NULL, 1, '2018-06-21 01:29:03'),
(177, 31, 1, 'Q144', 'One careless __________ and you may find yourself badly injured at the foot of this hill. ', NULL, 1, '2018-06-21 01:29:35'),
(178, 31, 1, 'Q145', 'Unaware that he was given a __________ programming file, James loaded the programme into the company\'s mainframe. ', NULL, 1, '2018-06-21 01:30:02'),
(179, 31, 1, 'Q146', 'Many conservatives in the East believe that their culture was __________ by Western influences. ', NULL, 1, '2018-06-21 01:30:55'),
(180, 31, 1, 'Q147', 'Knowing her younger brother\'s stubborn nature, she knew wouldn\'t be easily ___________ by anyone.', NULL, 1, '2018-06-21 01:31:25'),
(181, 31, 1, 'Q148', 'The fierce dictator gave his usual __________ to a group of loyalists who dared to disobey him. ', NULL, 1, '2018-06-21 01:32:22'),
(182, 31, 1, 'Q149', 'The immigration officer __________ at a group of refugees to follow him. ', NULL, 1, '2018-06-21 01:32:44'),
(183, 31, 1, 'Q150', 'Julie\'s passion for everything morbid is __________ by her addiction to horror movies.', NULL, 1, '2018-06-21 01:33:14'),
(184, 31, 1, 'Q151', 'Even in the midst of failure and despair, her __________ belief in god is unwavering. ', NULL, 1, '2018-06-21 01:34:08'),
(185, 31, 1, 'Q152', 'Elizabeth is a highly-skilled fencer and she __________ defeated all her competitors. ', NULL, 1, '2018-06-21 01:34:34'),
(186, 37, 1, 'Simple Addition', '1+1', NULL, 1, '2018-07-04 22:27:51'),
(187, 37, 1, 'Simple Addition', '2+4', NULL, 1, '2018-07-04 22:28:12'),
(188, 37, 1, 'Simple Addition', '5+2', NULL, 1, '2018-07-04 22:28:33'),
(189, 37, 1, 'Simple Addition', '11+3', NULL, 1, '2018-07-04 22:28:58'),
(190, 37, 1, 'Simple Addition', '23+1', NULL, 1, '2018-07-04 22:29:11'),
(191, 38, 1, 'Addition 01', '1+1', NULL, 1, '2018-07-09 04:55:59'),
(192, 38, 1, 'Addition 02', '1+2', NULL, 1, '2018-07-09 04:56:23'),
(193, 38, 1, 'Addition 03', '1+3', NULL, 1, '2018-07-09 04:56:40'),
(194, 38, 1, 'Addition 04', '1+5', NULL, 1, '2018-07-09 04:57:08'),
(195, 38, 1, 'Addition 05', '2+6', NULL, 1, '2018-07-09 04:57:35'),
(196, 38, 1, 'Addition 06', '7+1', NULL, 1, '2018-07-09 04:58:01'),
(197, 38, 1, 'Addition 07', '1+54', NULL, 1, '2018-07-09 04:58:23'),
(198, 38, 1, 'Addition 08', '3+6', NULL, 1, '2018-07-09 04:58:41'),
(199, 38, 1, 'Addition 09', '1+2+3', NULL, 1, '2018-07-09 04:59:21'),
(200, 38, 1, 'Addition 10', '7+3', NULL, 1, '2018-07-09 04:59:38'),
(201, 39, 1, 'Q1', 'The __________ protects the brain', NULL, 1, '2018-07-09 05:57:28'),
(202, 40, 1, 'Addition Essay 01', 'What is Addition', NULL, 2, '2018-07-14 12:21:34'),
(203, 40, 1, 'Addition Essay 02', 'Explain the usage of Addition', NULL, 2, '2018-07-14 12:21:59'),
(204, 40, 1, 'Addition Essay 03', 'Expound the rules of carry over when adding two numbers that exceeds 10', NULL, 2, '2018-07-14 12:22:36'),
(206, 39, 1, 'Sample Essay', 'Sample Essay', NULL, 2, '2018-07-14 06:28:10'),
(207, 42, 1, 'Grammar A1-A2 Paper 1', 'The students listened attentively __________  the horror story.', NULL, 1, '2018-08-04 06:40:09'),
(208, 43, 1, 'Grammar A1-A2 Paper 1', 'The students listened carefully __________ the interesting story.', NULL, 1, '2018-08-04 06:58:15'),
(209, 43, 1, 'Grammar A1-A2 Paper 1', 'The man shouted __________ someone to help him.', NULL, 1, '2018-08-04 07:00:40'),
(210, 43, 1, 'Grammar A1-A2 Paper 1', 'The birds chirped merrily __________ the spring breeze. ', NULL, 1, '2018-08-04 07:09:57'),
(211, 43, 1, 'Grammar A1-A2 Paper 1', 'Jane dressed fashionably __________ the fashion event.', NULL, 1, '2018-08-04 07:12:41'),
(212, 43, 1, 'Grammar A1-A2 Paper 1', 'I looked __________ the burglar who was trying to climb into my neighbor\'s fence. ', NULL, 1, '2018-08-04 07:15:17'),
(213, 43, 1, 'Grammar A1-A2 Paper 1', 'The pedestrian scolded the driver __________ driving recklessly. ', NULL, 1, '2018-08-04 07:16:57'),
(214, 43, 1, 'Grammar A1-A2 Paper 1', 'The pedestrian scolded the driver __________ driving recklessly. ', NULL, 1, '2018-08-04 07:16:57'),
(215, 43, 1, 'Grammar A1-A2 Paper 1', 'Alice went __________ the library to borrow some books. ', NULL, 1, '2018-08-04 07:18:23'),
(216, 43, 1, 'Grammar A1-A2 Paper 1', 'James was out of breath as he ran __________ the flight of stairs.', NULL, 1, '2018-08-04 07:20:46'),
(217, 43, 1, 'Grammar A1-A2 Paper 1', 'We arrived in Singapore __________ Tuesday\'s evening. ', NULL, 1, '2018-08-04 07:21:57'),
(218, 43, 2, 'Grammar A1-A2 Paper 1', 'What is the color of the hat?', 'image_20180804-5b65c5e4e180c.jpg', 1, '2018-08-04 08:28:38'),
(219, 43, 2, 'Test', 'test question', 'image_20180804-5b65c91a14bff.jpg', 1, '2018-08-04 08:43:37');

-- --------------------------------------------------------

--
-- Table structure for table `tbl_question_answers`
--

CREATE TABLE `tbl_question_answers` (
  `question_answers_id` int(11) NOT NULL,
  `question_id` int(11) NOT NULL,
  `question_choice` text DEFAULT NULL,
  `question_choice_attachments` text NOT NULL,
  `correct_answer` int(11) DEFAULT NULL COMMENT 'Index of the correct answer'
) ENGINE=InnoDB DEFAULT CHARSET=latin1;

--
-- Dumping data for table `tbl_question_answers`
--

INSERT INTO `tbl_question_answers` (`question_answers_id`, `question_id`, `question_choice`, `question_choice_attachments`, `correct_answer`) VALUES
(1, 1, 'a:4:{i:0;s:8:\"TEST1upd\";i:1;s:8:\"TEST2upd\";i:2;s:8:\"TEST3upd\";i:3;s:8:\"TEST4upd\";}', '', 1),
(2, 2, 'a:4:{i:0;s:1:\"7\";i:1;s:1:\"5\";i:2;s:1:\"2\";i:3;s:1:\"3\";}', '', 1),
(3, 3, 'a:4:{i:0;s:1:\"1\";i:1;s:1:\"2\";i:2;s:1:\"3\";i:3;s:1:\"4\";}', '', 1),
(4, 4, 'a:4:{i:0;s:8:\"zxczxczx\";i:1;s:11:\"zxczxcxzczx\";i:2;s:6:\"zxczxc\";i:3;s:5:\"zxczx\";}', '', 1),
(5, 5, 'a:4:{i:0;s:2:\"aa\";i:1;s:1:\"a\";i:2;s:2:\"aa\";i:3;s:2:\"aa\";}', '', 1),
(6, 6, 'a:4:{i:0;s:1:\"1\";i:1;s:1:\"2\";i:2;s:1:\"3\";i:3;s:1:\"4\";}', 'a:4:{i:0;s:32:\"image_20180526-5b0952550cf8a.jpg\";i:1;s:32:\"image_20180526-5b09526b98815.jpg\";i:2;N;i:3;N;}', 1),
(7, 7, 'a:4:{i:0;N;i:1;N;i:2;N;i:3;N;}', 'a:4:{i:0;N;i:1;N;i:2;N;i:3;N;}', NULL),
(8, 8, 'a:4:{i:0;N;i:1;N;i:2;N;i:3;N;}', 'a:4:{i:0;N;i:1;N;i:2;N;i:3;N;}', 1),
(9, 9, 'a:4:{i:0;s:1:\"1\";i:1;s:1:\"2\";i:2;s:1:\"3\";i:3;s:1:\"4\";}', 'a:4:{i:0;s:32:\"image_20180527-5b0a2b7ab774f.jpg\";i:1;s:32:\"image_20180527-5b0a2b7e2a1da.jpg\";i:2;N;i:3;N;}', 1),
(10, 10, 'a:4:{i:0;s:1:\"1\";i:1;s:1:\"2\";i:2;s:1:\"3\";i:3;s:1:\"5\";}', 'a:4:{i:0;N;i:1;N;i:2;N;i:3;N;}', 1),
(11, 11, 'a:4:{i:0;s:9:\"a little \";i:1;s:6:\"a few \";i:2;s:8:\"another \";i:3;s:12:\"none of this\";}', 'a:4:{i:0;N;i:1;N;i:2;N;i:3;N;}', 1),
(12, 12, 'a:4:{i:0;s:1:\"1\";i:1;s:1:\"2\";i:2;s:1:\"3\";i:3;s:1:\"4\";}', 'a:4:{i:0;s:32:\"image_20180528-5b0b6dc470c1d.jpg\";i:1;s:32:\"image_20180528-5b0b6dc72c8e9.jpg\";i:2;s:32:\"image_20180528-5b0b6dcbede20.jpg\";i:3;s:32:\"image_20180528-5b0b6dcf03df1.jpg\";}', 3),
(13, 13, 'a:4:{i:0;s:9:\"a little \";i:1;s:6:\"a few \";i:2;s:8:\"another \";i:3;s:13:\"none of this \";}', 'a:4:{i:0;N;i:1;N;i:2;N;i:3;N;}', 1),
(14, 14, 'a:4:{i:0;s:1:\"1\";i:1;s:1:\"2\";i:2;s:1:\"3\";i:3;s:1:\"4\";}', 'a:4:{i:0;s:32:\"audio_20180528-5b0b710a49769.mp3\";i:1;s:32:\"audio_20180528-5b0b710deb64d.mp3\";i:2;s:32:\"audio_20180528-5b0b7110976e5.mp3\";i:3;s:32:\"audio_20180528-5b0b7113484d3.mp3\";}', 1),
(15, 15, 'a:4:{i:0;s:1:\"1\";i:1;s:1:\"1\";i:2;s:1:\"1\";i:3;s:1:\"1\";}', 'a:4:{i:0;N;i:1;N;i:2;N;i:3;N;}', 1),
(16, 15, 'a:4:{i:0;s:1:\"1\";i:1;s:1:\"1\";i:2;s:1:\"1\";i:3;s:1:\"1\";}', 'a:4:{i:0;N;i:1;N;i:2;N;i:3;N;}', 1),
(17, 16, 'a:4:{i:0;s:1:\"3\";i:1;s:1:\"1\";i:2;s:1:\"2\";i:3;s:1:\"5\";}', 'a:4:{i:0;N;i:1;N;i:2;N;i:3;N;}', 1),
(18, 17, 'a:4:{i:0;s:1:\"2\";i:1;s:2:\"56\";i:2;s:1:\"9\";i:3;s:1:\"1\";}', 'a:4:{i:0;N;i:1;N;i:2;N;i:3;N;}', 3),
(19, 18, 'a:4:{i:0;s:1:\"3\";i:1;s:1:\"1\";i:2;s:1:\"4\";i:3;s:1:\"5\";}', 'a:4:{i:0;N;i:1;N;i:2;N;i:3;N;}', 1),
(20, 19, 'a:4:{i:0;s:1:\"3\";i:1;s:1:\"6\";i:2;s:2:\"32\";i:3;s:1:\"7\";}', 'a:4:{i:0;N;i:1;N;i:2;N;i:3;N;}', 4),
(21, 20, 'a:4:{i:0;s:1:\"1\";i:1;s:1:\"2\";i:2;s:2:\"10\";i:3;s:1:\"1\";}', 'a:4:{i:0;N;i:1;N;i:2;N;i:3;N;}', 3),
(22, 21, 'a:4:{i:0;s:1:\"2\";i:1;s:1:\"3\";i:2;s:1:\"4\";i:3;s:1:\"6\";}', 'a:4:{i:0;N;i:1;N;i:2;N;i:3;N;}', 4),
(23, 22, 'a:4:{i:0;s:2:\"15\";i:1;s:1:\"2\";i:2;s:1:\"4\";i:3;s:2:\"21\";}', 'a:4:{i:0;N;i:1;N;i:2;N;i:3;N;}', 1),
(24, 23, 'a:4:{i:0;s:1:\"2\";i:1;s:1:\"3\";i:2;s:1:\"8\";i:3;s:1:\"1\";}', 'a:4:{i:0;N;i:1;N;i:2;N;i:3;N;}', 3),
(25, 24, 'a:4:{i:0;s:1:\"1\";i:1;s:1:\"9\";i:2;s:1:\"6\";i:3;s:1:\"3\";}', 'a:4:{i:0;N;i:1;N;i:2;N;i:3;N;}', 2),
(26, 25, 'a:4:{i:0;s:2:\"32\";i:1;s:2:\"35\";i:2;s:2:\"33\";i:3;s:2:\"32\";}', 'a:4:{i:0;N;i:1;N;i:2;N;i:3;N;}', 2),
(27, 26, 'a:4:{i:0;s:1:\"5\";i:1;s:1:\"2\";i:2;s:1:\"3\";i:3;s:1:\"1\";}', 'a:4:{i:0;N;i:1;N;i:2;N;i:3;N;}', 1),
(28, 27, 'a:4:{i:0;s:1:\"4\";i:1;s:1:\"1\";i:2;s:1:\"2\";i:3;s:1:\"3\";}', 'a:4:{i:0;N;i:1;N;i:2;N;i:3;N;}', 1),
(29, 28, 'a:4:{i:0;s:1:\"1\";i:1;s:1:\"2\";i:2;s:1:\"3\";i:3;s:1:\"4\";}', 'a:4:{i:0;N;i:1;N;i:2;N;i:3;N;}', 2),
(30, 29, 'a:4:{i:0;s:2:\"78\";i:1;s:1:\"3\";i:2;s:2:\"48\";i:3;s:1:\"6\";}', 'a:4:{i:0;N;i:1;N;i:2;N;i:3;N;}', 3),
(31, 30, 'a:4:{i:0;s:1:\"5\";i:1;s:1:\"1\";i:2;s:1:\"6\";i:3;s:1:\"2\";}', 'a:4:{i:0;N;i:1;N;i:2;N;i:3;N;}', 1),
(32, 31, 'a:4:{i:0;s:1:\"A\";i:1;s:1:\"B\";i:2;s:1:\"C\";i:3;s:1:\"D\";}', 'a:4:{i:0;N;i:1;N;i:2;N;i:3;N;}', 2),
(33, 32, 'a:4:{i:0;s:5:\"skull\";i:1;s:9:\"membrane \";i:2;s:8:\"forehead\";i:3;s:8:\"ligament\";}', 'a:4:{i:0;N;i:1;N;i:2;N;i:3;N;}', 1),
(34, 33, 'a:4:{i:0;s:4:\"ribs\";i:1;s:5:\"spine\";i:2;s:5:\"cells\";i:3;s:7:\"vessels\";}', 'a:4:{i:0;N;i:1;N;i:2;N;i:3;N;}', 1),
(35, 34, 'a:4:{i:0;s:6:\"muscle\";i:1;s:5:\"organ\";i:2;s:5:\"joint\";i:3;s:5:\"layer\";}', 'a:4:{i:0;N;i:1;N;i:2;N;i:3;N;}', 3),
(36, 35, 'a:4:{i:0;s:8:\"firmness\";i:1;s:11:\"contraction\";i:2;s:6:\"steady\";i:3;s:8:\"mutation\";}', 'a:4:{i:0;N;i:1;N;i:2;N;i:3;N;}', 2),
(37, 36, 'a:4:{i:0;s:10:\"heightened\";i:1;s:5:\"cured\";i:2;s:9:\"corrected\";i:3;s:8:\"pulsated\";}', 'a:4:{i:0;N;i:1;N;i:2;N;i:3;N;}', 3),
(38, 37, 'a:4:{i:0;s:5:\"blood\";i:1;s:8:\"skeleton\";i:2;s:5:\"sight\";i:3;s:6:\"nerves\";}', 'a:4:{i:0;s:32:\"image_20180621-5b2b22a5ef09e.jpg\";i:1;s:32:\"image_20180621-5b2b22a24b327.jpg\";i:2;s:32:\"image_20180621-5b2b229bbd1cf.jpg\";i:3;s:32:\"image_20180621-5b2b2290dc294.jpg\";}', 4),
(39, 38, 'a:4:{i:0;s:12:\"manufactured\";i:1;s:11:\"transferred\";i:2;s:7:\"donated\";i:3;s:6:\"pumped\";}', 'a:4:{i:0;N;i:1;N;i:2;N;i:3;N;}', 4),
(40, 39, 'a:4:{i:0;s:10:\"invisible \";i:1;s:9:\"gigantic \";i:2;s:12:\"microscopic \";i:3;s:7:\"extinct\";}', 'a:4:{i:0;N;i:1;N;i:2;N;i:3;N;}', 3),
(41, 40, 'a:4:{i:0;s:8:\"maintain\";i:1;s:7:\"destroy\";i:2;s:3:\"fix\";i:3;s:8:\"overcome\";}', 'a:4:{i:0;N;i:1;N;i:2;N;i:3;N;}', 4),
(42, 41, 'a:4:{i:0;s:9:\"triggered\";i:1;s:5:\"ended\";i:2;s:9:\"contained\";i:3;s:11:\"restricted \";}', 'a:4:{i:0;N;i:1;N;i:2;N;i:3;N;}', 1),
(43, 42, 'a:4:{i:0;s:7:\"content\";i:1;s:8:\"saddened\";i:2;s:6:\"in awe\";i:3;s:12:\"disappointed\";}', 'a:4:{i:0;N;i:1;N;i:2;N;i:3;N;}', 4),
(44, 43, 'a:4:{i:0;s:5:\"means\";i:1;s:10:\"represents\";i:2;s:11:\"contributes\";i:3;s:5:\"shows\";}', 'a:4:{i:0;N;i:1;N;i:2;N;i:3;N;}', 1),
(45, 44, 'a:4:{i:0;s:5:\"means\";i:1;s:10:\"represents\";i:2;s:11:\"contributes\";i:3;s:5:\"shows\";}', 'a:4:{i:0;N;i:1;N;i:2;N;i:3;N;}', 1),
(46, 45, 'a:4:{i:0;s:6:\"shrewd\";i:1;s:7:\"devious\";i:2;s:8:\"generous\";i:3;s:7:\"cunning\";}', 'a:4:{i:0;N;i:1;N;i:2;N;i:3;N;}', 1),
(47, 46, 'a:4:{i:0;s:10:\"dismissive\";i:1;s:12:\"appreciative\";i:2;s:11:\"descriptive\";i:3;s:9:\"assertive\";}', 'a:4:{i:0;N;i:1;N;i:2;N;i:3;N;}', 2),
(48, 47, 'a:4:{i:0;s:10:\"resentment\";i:1;s:6:\"apathy\";i:2;s:11:\"displeasure\";i:3;s:10:\"compassion\";}', 'a:4:{i:0;N;i:1;N;i:2;N;i:3;N;}', 4),
(49, 48, 'a:4:{i:0;s:9:\"concerned\";i:1;s:5:\"stiff\";i:2;s:7:\"annoyed\";i:3;s:8:\"saddened\";}', 'a:4:{i:0;N;i:1;N;i:2;N;i:3;N;}', 3),
(50, 49, 'a:4:{i:0;s:13:\"unimaginative\";i:1;s:9:\"enriching\";i:2;s:8:\"enabling\";i:3;s:9:\"inquiring\";}', 'a:4:{i:0;N;i:1;N;i:2;N;i:3;N;}', 2),
(51, 50, 'a:4:{i:0;s:10:\"shivering \";i:1;s:4:\"soft\";i:2;s:5:\"stiff\";i:3;s:5:\"rigid\";}', 'a:4:{i:0;N;i:1;N;i:2;N;i:3;N;}', 3),
(52, 51, 'a:4:{i:0;s:8:\"daunting\";i:1;s:8:\"fearless\";i:2;s:11:\"disgraceful\";i:3;s:9:\"admirable\";}', 'a:4:{i:0;N;i:1;N;i:2;N;i:3;N;}', 1),
(53, 52, 'a:4:{i:0;s:8:\"acquires\";i:1;s:7:\"aspires\";i:2;s:8:\"dislikes\";i:3;s:7:\"applies\";}', 'a:4:{i:0;N;i:1;N;i:2;N;i:3;N;}', 2),
(54, 53, 'a:4:{i:0;s:6:\"intent\";i:1;s:5:\"imply\";i:2;s:6:\"intend\";i:3;s:7:\"inquire\";}', 'a:4:{i:0;N;i:1;N;i:2;N;i:3;N;}', 3),
(55, 54, 'a:4:{i:0;s:13:\"confidential \";i:1;s:12:\"conditional \";i:2;s:10:\"fulfilling\";i:3;s:12:\"treacherous \";}', 'a:4:{i:0;N;i:1;N;i:2;N;i:3;N;}', 1),
(56, 55, 'a:4:{i:0;s:7:\"assured\";i:1;s:5:\"tired\";i:2;s:9:\"emotional\";i:3;s:8:\"helpless\";}', 'a:4:{i:0;N;i:1;N;i:2;N;i:3;N;}', 4),
(57, 56, 'a:4:{i:0;s:7:\"fearful\";i:1;s:7:\"excited\";i:2;s:10:\"indecisive\";i:3;s:12:\"apprehensive\";}', 'a:4:{i:0;N;i:1;N;i:2;N;i:3;N;}', 3),
(58, 57, 'a:4:{i:0;s:8:\"nepotism\";i:1;s:10:\"patriotism\";i:2;s:10:\"compulsion\";i:3;s:12:\"togetherness\";}', 'a:4:{i:0;N;i:1;N;i:2;N;i:3;N;}', 2),
(59, 58, 'a:4:{i:0;s:9:\"predicted\";i:1;s:7:\"assumed\";i:2;s:12:\"contradicted\";i:3;s:10:\"unexpected\";}', 'a:4:{i:0;N;i:1;N;i:2;N;i:3;N;}', 4),
(60, 59, 'a:4:{i:0;s:6:\"faking\";i:1;s:16:\"sensationalising\";i:2;s:10:\"enlarging \";i:3;s:7:\"writing\";}', 'a:4:{i:0;N;i:1;N;i:2;N;i:3;N;}', 2),
(61, 60, 'a:4:{i:0;s:6:\"snored\";i:1;s:7:\"blushed\";i:2;s:7:\"bloomed\";i:3;s:8:\"crumpled\";}', 'a:4:{i:0;N;i:1;N;i:2;N;i:3;N;}', 2),
(62, 61, 'a:4:{i:0;s:8:\"reserved\";i:1;s:6:\"sloppy\";i:2;s:7:\"amazing\";i:3;s:9:\"conceited\";}', 'a:4:{i:0;N;i:1;N;i:2;N;i:3;N;}', 4),
(63, 62, 'a:4:{i:0;s:8:\"nepotism\";i:1;s:10:\"democracy \";i:2;s:12:\"dictatorship\";i:3;s:9:\"communism\";}', 'a:4:{i:0;N;i:1;N;i:2;N;i:3;N;}', 1),
(64, 63, 'a:4:{i:0;s:9:\"breathing\";i:1;s:7:\"gasping\";i:2;s:7:\"weeding\";i:3;s:7:\"feeding\";}', 'a:4:{i:0;N;i:1;N;i:2;N;i:3;N;}', 2),
(65, 64, 'a:4:{i:0;s:7:\"ominous\";i:1;s:11:\"undignified\";i:2;s:9:\"insidious\";i:3;s:11:\"ignominious\";}', 'a:4:{i:0;N;i:1;N;i:2;N;i:3;N;}', 1),
(66, 65, 'a:4:{i:0;s:8:\"ravenous\";i:1;s:12:\"incredulous \";i:2;s:4:\"hard\";i:3;s:11:\"indomitable\";}', 'a:4:{i:0;N;i:1;N;i:2;N;i:3;N;}', 1),
(67, 66, 'a:4:{i:0;s:12:\"psychologist\";i:1;s:9:\"biologist\";i:2;s:9:\"historian\";i:3;s:11:\"sociologist\";}', 'a:4:{i:0;N;i:1;N;i:2;N;i:3;N;}', 4),
(68, 67, 'a:4:{i:0;s:8:\"curators\";i:1;s:9:\"governors\";i:2;s:7:\"workers\";i:3;s:9:\"directors\";}', 'a:4:{i:0;N;i:1;N;i:2;N;i:3;N;}', 4),
(69, 68, 'a:4:{i:0;s:12:\"dissertation\";i:1;s:7:\"episode\";i:2;s:6:\"memoir\";i:3;s:10:\"fairy tale\";}', 'a:4:{i:0;N;i:1;N;i:2;N;i:3;N;}', 3),
(70, 69, 'a:4:{i:0;s:8:\"dictator\";i:1;s:8:\"polyglot\";i:2;s:10:\"ambassador\";i:3;s:6:\"orator\";}', 'a:4:{i:0;N;i:1;N;i:2;N;i:3;N;}', 2),
(71, 70, 'a:4:{i:0;s:9:\"suppliers\";i:1;s:9:\"customers\";i:2;s:8:\"patients\";i:3;s:7:\"clients\";}', 'a:4:{i:0;N;i:1;N;i:2;N;i:3;N;}', 3),
(72, 71, 'a:4:{i:0;s:11:\"draughtsman\";i:1;s:6:\"artist\";i:2;s:4:\"crew\";i:3;s:6:\"drawer\";}', 'a:4:{i:0;N;i:1;N;i:2;N;i:3;N;}', 1),
(73, 72, 'a:4:{i:0;s:7:\"referee\";i:1;s:5:\"judge\";i:2;s:8:\"official\";i:3;s:7:\"manager\";}', 'a:4:{i:0;N;i:1;N;i:2;N;i:3;N;}', 1),
(74, 73, 'a:4:{i:0;s:7:\"referee\";i:1;s:5:\"judge\";i:2;s:8:\"official\";i:3;s:7:\"manager\";}', 'a:4:{i:0;N;i:1;N;i:2;N;i:3;N;}', 1),
(75, 74, 'a:4:{i:0;s:10:\"astrologer\";i:1;s:9:\"geologist\";i:2;s:11:\"taxidermist\";i:3;s:10:\"astronomer\";}', 'a:4:{i:0;N;i:1;N;i:2;N;i:3;N;}', 4),
(76, 75, 'a:4:{i:0;s:6:\"herder\";i:1;s:9:\"spokesman\";i:2;s:6:\"weaver\";i:3;s:8:\"gardener\";}', 'a:4:{i:0;N;i:1;N;i:2;N;i:3;N;}', 3),
(77, 76, 'a:4:{i:0;s:7:\"servant\";i:1;s:6:\"butler\";i:2;s:4:\"maid\";i:3;s:6:\"helper\";}', 'a:4:{i:0;N;i:1;N;i:2;N;i:3;N;}', 2),
(78, 77, 'a:4:{i:0;s:7:\"cobbler\";i:1;s:8:\"salesman\";i:2;s:8:\"mechanic\";i:3;s:7:\"cashier\";}', 'a:4:{i:0;N;i:1;N;i:2;N;i:3;N;}', 1),
(79, 78, 'a:4:{i:0;s:8:\"engineer\";i:1;s:10:\"blacksmith\";i:2;s:9:\"architect\";i:3;s:9:\"locksmith\";}', 'a:4:{i:0;N;i:1;N;i:2;N;i:3;N;}', 4),
(80, 79, 'a:4:{i:0;s:13:\"incompetency \";i:1;s:10:\"astuteness\";i:2;s:7:\"bravado\";i:3;s:9:\"criticism\";}', 'a:4:{i:0;N;i:1;N;i:2;N;i:3;N;}', 1),
(81, 80, 'a:4:{i:0;s:8:\"gardener\";i:1;s:7:\"plumber\";i:2;s:11:\"electrician\";i:3;s:10:\"technician\";}', 'a:4:{i:0;N;i:1;N;i:2;N;i:3;N;}', 2),
(82, 81, 'a:4:{i:0;s:7:\"auditor\";i:1;s:8:\"chairman\";i:2;s:9:\"treasurer\";i:3;s:9:\"secretary\";}', 'a:4:{i:0;N;i:1;N;i:2;N;i:3;N;}', 3),
(83, 82, 'a:4:{i:0;s:9:\"psychotic\";i:1;s:9:\"epileptic\";i:2;s:9:\"traumatic\";i:3;s:8:\"diabetic\";}', 'a:4:{i:0;N;i:1;N;i:2;N;i:3;N;}', 4),
(84, 83, 'a:4:{i:0;s:9:\"secretary\";i:1;s:10:\"technician\";i:2;s:11:\"electrician\";i:3;s:8:\"mechanic\";}', 'a:4:{i:0;N;i:1;N;i:2;N;i:3;N;}', 4),
(85, 84, 'a:4:{i:0;s:10:\"groundsman\";i:1;s:6:\"jockey\";i:2;s:4:\"jock\";i:3;s:9:\"zookeeper\";}', 'a:4:{i:0;N;i:1;N;i:2;N;i:3;N;}', 2),
(86, 85, 'a:4:{i:0;s:4:\"food\";i:1;s:4:\"fees\";i:2;s:4:\"tips\";i:3;s:5:\"coins\";}', 'a:4:{i:0;N;i:1;N;i:2;N;i:3;N;}', 3),
(87, 86, 'a:4:{i:0;s:10:\"patisserie\";i:1;s:4:\"cook\";i:2;s:9:\"concierge\";i:3;s:9:\"sous chef\";}', 'a:4:{i:0;N;i:1;N;i:2;N;i:3;N;}', 1),
(88, 87, 'a:4:{i:0;s:6:\"doctor\";i:1;s:13:\"veterinarian\n\";i:2;s:9:\"caregiver\";i:3;s:5:\"nurse\";}', 'a:4:{i:0;s:32:\"image_20180621-5b2b3eef7e8ab.jpg\";i:1;s:32:\"image_20180621-5b2b3ef3aded3.jpg\";i:2;s:32:\"image_20180621-5b2b3ef7298e2.jpg\";i:3;s:32:\"image_20180621-5b2b3efacd4d7.png\";}', 2),
(89, 88, 'a:4:{i:0;s:7:\"opposer\";i:1;s:7:\"stalker\";i:2;s:10:\"ambassador\";i:3;s:8:\"customer\";}', 'a:4:{i:0;N;i:1;N;i:2;N;i:3;N;}', 3),
(90, 89, 'a:4:{i:0;s:10:\"revitalise\";i:1;s:7:\"relieve\";i:2;s:6:\"rewind\";i:3;s:6:\"revive\";}', 'a:4:{i:0;N;i:1;N;i:2;N;i:3;N;}', 4),
(91, 90, 'a:4:{i:0;s:7:\"gave up\";i:1;s:9:\"succumbed\";i:2;s:7:\"subdued\";i:3;s:4:\"fell\";}', 'a:4:{i:0;N;i:1;N;i:2;N;i:3;N;}', 2),
(92, 91, 'a:4:{i:0;s:7:\"vaccine\";i:1;s:9:\"treatment\";i:2;s:5:\"virus\";i:3;s:7:\"disease\";}', 'a:4:{i:0;N;i:1;N;i:2;N;i:3;N;}', 1),
(93, 92, 'a:4:{i:0;s:10:\"distraught\";i:1;s:8:\"repulsed\";i:2;s:9:\"surprised\";i:3;s:6:\"aghast\";}', 'a:4:{i:0;N;i:1;N;i:2;N;i:3;N;}', 1),
(94, 93, 'a:4:{i:0;s:6:\"hating\";i:1;s:8:\"thinking\";i:2;s:13:\"contemplating\";i:3;s:11:\"cultivating\";}', 'a:4:{i:0;N;i:1;N;i:2;N;i:3;N;}', 3),
(95, 94, 'a:4:{i:0;s:11:\"reservation\";i:1;s:13:\"invincibility\";i:2;s:5:\"hopes\";i:3;s:10:\"expectancy\";}', 'a:4:{i:0;N;i:1;N;i:2;N;i:3;N;}', 4),
(96, 95, 'a:4:{i:0;s:3:\"shy\";i:1;s:9:\"notorious\";i:2;s:4:\"mega\";i:3;s:6:\"famous\";}', 'a:4:{i:0;N;i:1;N;i:2;N;i:3;N;}', 2),
(97, 96, 'a:4:{i:0;s:10:\"Meditation\";i:1;s:13:\"Transgression\";i:2;s:9:\"Bicycling\";i:3;s:14:\"Water aerobics\";}', 'a:4:{i:0;s:32:\"image_20180621-5b2b410e5afe7.jpg\";i:1;s:32:\"image_20180621-5b2b41133aab9.jpg\";i:2;s:32:\"image_20180621-5b2b411c13ad0.jpg\";i:3;s:32:\"image_20180621-5b2b4125ec4b4.jpg\";}', 1),
(98, 97, 'a:4:{i:0;s:11:\"convulsions\";i:1;s:11:\"trepidation\";i:2;s:13:\"complications\";i:3;s:8:\"weakness\";}', 'a:4:{i:0;N;i:1;N;i:2;N;i:3;N;}', 3),
(99, 98, 'a:4:{i:0;s:12:\"inauguration\";i:1;s:8:\"festival\";i:2;s:8:\"ceremony\";i:3;s:8:\"uprising\";}', 'a:4:{i:0;N;i:1;N;i:2;N;i:3;N;}', 3),
(100, 99, 'a:4:{i:0;s:12:\"inauguration\";i:1;s:8:\"festival\";i:2;s:8:\"ceremony\";i:3;s:8:\"uprising\";}', 'a:4:{i:0;N;i:1;N;i:2;N;i:3;N;}', 1),
(101, 100, 'a:4:{i:0;s:7:\"fortune\";i:1;s:10:\"reputation\";i:2;s:5:\"creed\";i:3;s:10:\"worthiness\";}', 'a:4:{i:0;N;i:1;N;i:2;N;i:3;N;}', 2),
(102, 101, 'a:4:{i:0;s:10:\"recuperate\";i:1;s:10:\"rejuvenate\";i:2;s:7:\"restore\";i:3;s:6:\"regain\";}', 'a:4:{i:0;N;i:1;N;i:2;N;i:3;N;}', 1),
(103, 102, 'a:4:{i:0;s:4:\"tips\";i:1;s:5:\"bills\";i:2;s:9:\"discounts\";i:3;s:9:\"subsidies\";}', 'a:4:{i:0;N;i:1;N;i:2;N;i:3;N;}', 4),
(104, 103, 'a:4:{i:0;s:8:\"pharmacy\";i:1;s:8:\"mortuary\";i:2;s:4:\"ward\";i:3;s:6:\"clinic\";}', 'a:4:{i:0;s:32:\"image_20180621-5b2b46e4cc00b.jpg\";i:1;s:32:\"image_20180621-5b2b46dec64e2.jpg\";i:2;s:32:\"image_20180621-5b2b46d970d2b.jpg\";i:3;s:32:\"image_20180621-5b2b46d32792b.jpg\";}', 2),
(105, 104, 'a:4:{i:0;s:6:\"normal\";i:1;s:11:\"frustrating\";i:2;s:7:\"adverse\";i:3;s:8:\"positive\";}', 'a:4:{i:0;N;i:1;N;i:2;N;i:3;N;}', 3),
(106, 105, 'a:4:{i:0;s:6:\"normal\";i:1;s:11:\"frustrating\";i:2;s:7:\"adverse\";i:3;s:8:\"positive\";}', 'a:4:{i:0;N;i:1;N;i:2;N;i:3;N;}', 3),
(107, 106, 'a:4:{i:0;s:13:\"reinvigorated\";i:1;s:8:\"restored\";i:2;s:9:\"recovered\";i:3;s:8:\"reversed\";}', 'a:4:{i:0;N;i:1;N;i:2;N;i:3;N;}', 3),
(108, 107, 'a:4:{i:0;s:5:\"cured\";i:1;s:10:\"discovered\";i:2;s:9:\"presented\";i:3;s:9:\"diagnosed\";}', 'a:4:{i:0;N;i:1;N;i:2;N;i:3;N;}', 4),
(109, 108, 'a:4:{i:0;s:12:\"strengthened\";i:1;s:8:\"sprained\";i:2;s:6:\"abused\";i:3;s:9:\"neglected\";}', 'a:4:{i:0;N;i:1;N;i:2;N;i:3;N;}', 2),
(110, 109, 'a:4:{i:0;s:12:\"cardiologist\";i:1;s:13:\"dermatologist\";i:2;s:13:\"neonatologist\";i:3;s:12:\"psychologist\";}', 'a:4:{i:0;N;i:1;N;i:2;N;i:3;N;}', 4),
(111, 110, 'a:4:{i:0;s:14:\"microbiologist\";i:1;s:12:\"pediatrician\";i:2;s:9:\"patrician\";i:3;s:11:\"radiologist\";}', 'a:4:{i:0;N;i:1;N;i:2;N;i:3;N;}', 2),
(112, 111, 'a:4:{i:0;s:11:\"radiologist\";i:1;s:10:\"geneticist\";i:2;s:10:\"oncologist\";i:3;s:9:\"urologist\";}', 'a:4:{i:0;N;i:1;N;i:2;N;i:3;N;}', 1),
(113, 112, 'a:4:{i:0;s:8:\"urgently\";i:1;s:9:\"profusely\";i:2;s:14:\"intermittently\";i:3;s:7:\"quickly\";}', 'a:4:{i:0;N;i:1;N;i:2;N;i:3;N;}', 2),
(114, 113, 'a:4:{i:0;s:13:\"intermittent \";i:1;s:11:\"exhaustive \";i:2;s:9:\"technical\";i:3;s:6:\"strong\";}', 'a:4:{i:0;N;i:1;N;i:2;N;i:3;N;}', 1),
(115, 114, 'a:4:{i:0;s:8:\"antidote\";i:1;s:10:\"antibiotic\";i:2;s:9:\"antiviral\";i:3;s:10:\"antiseptic\";}', 'a:4:{i:0;N;i:1;N;i:2;N;i:3;N;}', 1),
(116, 115, 'a:4:{i:0;s:8:\"evidence\";i:1;s:5:\"signs\";i:2;s:8:\"symptoms\";i:3;s:10:\"indicators\";}', 'a:4:{i:0;N;i:1;N;i:2;N;i:3;N;}', 3),
(117, 116, 'a:4:{i:0;s:8:\"plaudits\";i:1;s:10:\"resentment\";i:2;s:6:\"awards\";i:3;s:7:\"trauma\n\";}', 'a:4:{i:0;N;i:1;N;i:2;N;i:3;N;}', 1),
(118, 117, 'a:4:{i:0;s:9:\"authentic\";i:1;s:12:\"apprehensive\";i:2;s:7:\"admired\";i:3;s:11:\"disregarded\";}', 'a:4:{i:0;N;i:1;N;i:2;N;i:3;N;}', 3),
(119, 118, 'a:4:{i:0;s:11:\"acknowledge\";i:1;s:7:\"reverse\";i:2;s:7:\"exploit\";i:3;s:4:\"plot\";}', 'a:4:{i:0;N;i:1;N;i:2;N;i:3;N;}', 3),
(120, 119, 'a:4:{i:0;s:10:\"impressive\";i:1;s:10:\"dismissive\";i:2;s:11:\"counterfeit\";i:3;s:6:\"banal \";}', 'a:4:{i:0;N;i:1;N;i:2;N;i:3;N;}', 1),
(121, 120, 'a:4:{i:0;s:8:\"original\";i:1;s:5:\"banal\";i:2;s:7:\"surreal\";i:3;s:5:\"weird\";}', 'a:4:{i:0;N;i:1;N;i:2;N;i:3;N;}', 2),
(122, 121, 'a:4:{i:0;s:8:\"thinking\";i:1;s:7:\"willing\";i:2;s:7:\"mulling\";i:3;s:7:\"pulling\";}', 'a:4:{i:0;N;i:1;N;i:2;N;i:3;N;}', 3),
(123, 122, 'a:4:{i:0;s:10:\"fragmented\";i:1;s:8:\"cohesive\";i:2;s:6:\"absurd\";i:3;s:9:\"redundant\";}', 'a:4:{i:0;N;i:1;N;i:2;N;i:3;N;}', 1),
(124, 123, 'a:4:{i:0;s:13:\"insignificant\";i:1;s:7:\"pivotal\";i:2;s:5:\"basic\";i:3;s:11:\"traditional\";}', 'a:4:{i:0;N;i:1;N;i:2;N;i:3;N;}', 2),
(125, 124, 'a:4:{i:0;s:10:\"disjointed\";i:1;s:6:\"smooth\";i:2;s:8:\"cohesive\";i:3;s:7:\"muddled\";}', 'a:4:{i:0;N;i:1;N;i:2;N;i:3;N;}', 3),
(126, 125, 'a:4:{i:0;s:7:\"fantasy\";i:1;s:8:\"negative\";i:2;s:8:\"positive\";i:3;s:11:\"challenging\";}', 'a:4:{i:0;N;i:1;N;i:2;N;i:3;N;}', 4),
(127, 126, 'a:4:{i:0;s:9:\"portfolio\";i:1;s:8:\"workbook\";i:2;s:7:\"machine\";i:3;s:7:\"produce\";}', 'a:4:{i:0;N;i:1;N;i:2;N;i:3;N;}', 1),
(128, 127, 'a:4:{i:0;s:10:\"fulfilling\";i:1;s:11:\"fundamental\";i:2;s:9:\"forbidden\";i:3;s:9:\"thrilling\";}', 'a:4:{i:0;N;i:1;N;i:2;N;i:3;N;}', 2),
(129, 128, 'a:4:{i:0;s:12:\"vindications\";i:1;s:12:\"sublimations\";i:2;s:10:\"dimensions\";i:3;s:11:\"alterations\";}', 'a:4:{i:0;N;i:1;N;i:2;N;i:3;N;}', 3),
(130, 129, 'a:4:{i:0;s:9:\"responded\";i:1;s:9:\"finalized\";i:2;s:9:\"theorized\";i:3;s:10:\"culminated\";}', 'a:4:{i:0;N;i:1;N;i:2;N;i:3;N;}', 4),
(131, 130, 'a:4:{i:0;s:14:\"sustainability\";i:1;s:6:\"growth\";i:2;s:12:\"adaptability\";i:3;s:7:\"prowess\";}', 'a:4:{i:0;N;i:1;N;i:2;N;i:3;N;}', 1),
(132, 131, 'a:4:{i:0;s:12:\"incompetence\";i:1;s:10:\"initiative\";i:2;s:8:\"idleness\";i:3;s:14:\"transformation\";}', 'a:4:{i:0;N;i:1;N;i:2;N;i:3;N;}', 2),
(133, 132, 'a:4:{i:0;s:10:\"productive\";i:1;s:9:\"efficient\";i:2;s:10:\"cumbersome\";i:3;s:7:\"illegal\";}', 'a:4:{i:0;N;i:1;N;i:2;N;i:3;N;}', 3),
(134, 133, 'a:4:{i:0;s:7:\"promote\";i:1;s:5:\"cause\";i:2;s:4:\"spur\";i:3;s:9:\"eradicate\";}', 'a:4:{i:0;N;i:1;N;i:2;N;i:3;N;}', 4),
(135, 134, 'a:4:{i:0;s:11:\"enhancement\";i:1;s:10:\"detachment\";i:2;s:7:\"erosion\";i:3;s:11:\"procurement\";}', 'a:4:{i:0;N;i:1;N;i:2;N;i:3;N;}', 1),
(136, 135, 'a:4:{i:0;s:6:\"growth\";i:1;s:7:\"erosion\";i:2;s:9:\"explosion\";i:3;s:5:\"state\";}', 'a:4:{i:0;N;i:1;N;i:2;N;i:3;N;}', 2),
(137, 136, 'a:4:{i:0;s:4:\"fond\";i:1;s:10:\"optimistic\";i:2;s:9:\"skeptical\";i:3;s:9:\"convinced\";}', 'a:4:{i:0;N;i:1;N;i:2;N;i:3;N;}', 3),
(138, 137, 'a:4:{i:0;s:10:\"perplexing\";i:1;s:10:\"monotonous\";i:2;s:3:\"sad\";i:3;s:7:\"ominous\";}', 'a:4:{i:0;N;i:1;N;i:2;N;i:3;N;}', 4),
(139, 138, 'a:4:{i:0;s:10:\"hesitation\";i:1;s:10:\"motivation\";i:2;s:11:\"consequence\";i:3;s:8:\"feelings\";}', 'a:4:{i:0;N;i:1;N;i:2;N;i:3;N;}', 1),
(140, 139, 'a:4:{i:0;s:4:\"fear\";i:1;s:11:\"trepidation\";i:2;s:13:\"authorisation\";i:3;s:11:\"ambivalence\";}', 'a:4:{i:0;N;i:1;N;i:2;N;i:3;N;}', 2),
(141, 140, 'a:4:{i:0;s:7:\"leaning\";i:1;s:7:\"curious\";i:2;s:10:\"ambivalent\";i:3;s:5:\"eager\";}', 'a:4:{i:0;N;i:1;N;i:2;N;i:3;N;}', 3),
(142, 141, 'a:4:{i:0;s:7:\"sadness\";i:1;s:7:\"disdain\";i:2;s:10:\"conviction\";i:3;s:11:\"incredulity\";}', 'a:4:{i:0;N;i:1;N;i:2;N;i:3;N;}', 4),
(143, 142, 'a:4:{i:0;s:7:\"disdain\";i:1;s:5:\"pride\";i:2;s:9:\"cowardice\";i:3;s:6:\"honour\";}', 'a:4:{i:0;N;i:1;N;i:2;N;i:3;N;}', 1),
(144, 143, 'a:4:{i:0;s:11:\"superiority\";i:1;s:9:\"cowardice\";i:2;s:7:\"justice\";i:3;s:11:\"consequence\";}', 'a:4:{i:0;N;i:1;N;i:2;N;i:3;N;}', 2),
(145, 144, 'a:4:{i:0;s:8:\"tangible\";i:1;s:6:\"morbid\";i:2;s:10:\"infallible\";i:3;s:5:\"tense\";}', 'a:4:{i:0;N;i:1;N;i:2;N;i:3;N;}', 3),
(146, 145, 'a:4:{i:0;s:10:\"tearjerker\";i:1;s:7:\"sexiest\";i:2;s:11:\"unrealistic\";i:3;s:6:\"morbid\";}', 'a:4:{i:0;N;i:1;N;i:2;N;i:3;N;}', 4),
(147, 146, 'a:4:{i:0;s:8:\"inclined\";i:1;s:8:\"declined\";i:2;s:6:\"unable\";i:3;s:8:\"helpless\";}', 'a:4:{i:0;N;i:1;N;i:2;N;i:3;N;}', 1),
(148, 147, 'a:4:{i:0;s:7:\"mockery\";i:1;s:8:\"feedback\";i:2;s:7:\"disgust\";i:3;s:9:\"brickbats\";}', 'a:4:{i:0;N;i:1;N;i:2;N;i:3;N;}', 2),
(149, 148, 'a:4:{i:0;s:8:\"recoiled\";i:1;s:9:\"shuttered\";i:2;s:9:\"shuddered\";i:3;s:6:\"yelped\";}', 'a:4:{i:0;N;i:1;N;i:2;N;i:3;N;}', 3),
(150, 149, 'a:4:{i:0;s:7:\"bemused\";i:1;s:6:\"jovial\";i:2;s:8:\"delicate\";i:3;s:7:\"pensive\";}', 'a:4:{i:0;N;i:1;N;i:2;N;i:3;N;}', 4),
(151, 150, 'a:4:{i:0;s:11:\"festivities\";i:1;s:12:\"coincidences\";i:2;s:12:\"competitions\";i:3;s:10:\"atrocities\";}', 'a:4:{i:0;N;i:1;N;i:2;N;i:3;N;}', 4),
(152, 151, 'a:4:{i:0;s:7:\"mockery\";i:1;s:7:\"example\";i:2;s:10:\"triviality\";i:3;s:5:\"stand\";}', 'a:4:{i:0;N;i:1;N;i:2;N;i:3;N;}', 1),
(153, 152, 'a:4:{i:0;s:8:\"restless\";i:1;s:8:\"immobile\";i:2;s:8:\"agitated\";i:3;s:7:\"annoyed\";}', 'a:4:{i:0;N;i:1;N;i:2;N;i:3;N;}', 2),
(154, 153, 'a:4:{i:0;s:8:\"adorable\";i:1;s:11:\"mischievous\";i:2;s:9:\"repulsive\";i:3;s:10:\"redundant \";}', 'a:4:{i:0;N;i:1;N;i:2;N;i:3;N;}', 3),
(155, 154, 'a:4:{i:0;s:5:\"happy\";i:1;s:7:\"worried\";i:2;s:11:\"pessimistic\";i:3;s:10:\"optimistic\";}', 'a:4:{i:0;N;i:1;N;i:2;N;i:3;N;}', 4),
(156, 155, 'a:4:{i:0;s:8:\"relented\";i:1;s:7:\"laughed\";i:2;s:7:\"cowered\";i:3;s:8:\"accepted\";}', 'a:4:{i:0;N;i:1;N;i:2;N;i:3;N;}', 1),
(157, 156, 'a:4:{i:0;s:8:\"derision\";i:1;s:7:\"remorse\";i:2;s:10:\"reluctance\";i:3;s:14:\"disappointment\";}', 'a:4:{i:0;N;i:1;N;i:2;N;i:3;N;}', 2),
(158, 157, 'a:4:{i:0;s:6:\"hinder\";i:1;s:6:\"glower\";i:2;s:5:\"cower\";i:3;s:7:\"reflect\";}', 'a:4:{i:0;N;i:1;N;i:2;N;i:3;N;}', 3),
(159, 158, 'a:4:{i:0;s:7:\"comedic\";i:1;s:7:\"hopeful\";i:2;s:7:\"worried\";i:3;s:10:\"delusional\";}', 'a:4:{i:0;N;i:1;N;i:2;N;i:3;N;}', 4),
(160, 159, 'a:4:{i:0;s:9:\"reconcile\";i:1;s:9:\"frustrate\";i:2;s:5:\"cover\";i:3;s:5:\"study\";}', 'a:4:{i:0;N;i:1;N;i:2;N;i:3;N;}', 1),
(161, 160, 'a:4:{i:0;s:7:\"destroy\";i:1;s:5:\"merge\";i:2;s:7:\"restore\";i:3;s:5:\"build\";}', 'a:4:{i:0;N;i:1;N;i:2;N;i:3;N;}', 2),
(162, 161, 'a:4:{i:0;s:8:\"continue\";i:1;s:4:\"find\";i:2;s:9:\"implement\";i:3;s:5:\"relax\";}', 'a:4:{i:0;N;i:1;N;i:2;N;i:3;N;}', 3),
(163, 162, 'a:4:{i:0;s:10:\"monopolise\";i:1;s:7:\"protect\";i:2;s:10:\"decapitate\";i:3;s:7:\"abolish\";}', 'a:4:{i:0;N;i:1;N;i:2;N;i:3;N;}', 4),
(164, 163, 'a:4:{i:0;s:7:\"inflame\";i:1;s:4:\"bore\";i:2;s:5:\"shame\";i:3;s:4:\"lure\";}', 'a:4:{i:0;N;i:1;N;i:2;N;i:3;N;}', 1),
(165, 164, 'a:4:{i:0;s:7:\"pending\";i:1;s:11:\"encroaching\";i:2;s:6:\"bought\";i:3;s:7:\"filling\";}', 'a:4:{i:0;N;i:1;N;i:2;N;i:3;N;}', 2),
(166, 165, 'a:4:{i:0;s:11:\"sufficient \";i:1;s:5:\"false\";i:2;s:5:\"scant\";i:3;s:3:\"raw\";}', 'a:4:{i:0;N;i:1;N;i:2;N;i:3;N;}', 3),
(167, 166, 'a:4:{i:0;s:10:\"ill-repute\";i:1;s:4:\"love\";i:2;s:9:\"disregard\";i:3;s:9:\"disrepute\";}', 'a:4:{i:0;N;i:1;N;i:2;N;i:3;N;}', 4),
(168, 167, 'a:4:{i:0;s:8:\"exercise\";i:1;s:8:\"exorcise\";i:2;s:6:\"handle\";i:3;s:4:\"read\";}', 'a:4:{i:0;N;i:1;N;i:2;N;i:3;N;}', 1),
(169, 168, 'a:4:{i:0;s:12:\"continuation\";i:1;s:10:\"recurrence\";i:2;s:10:\"completion\";i:3;s:6:\"relief\";}', 'a:4:{i:0;N;i:1;N;i:2;N;i:3;N;}', 2),
(170, 169, 'a:4:{i:0;s:6:\"recess\";i:1;s:13:\"transgression\";i:2;s:9:\"recession\";i:3;s:8:\"opinion \";}', 'a:4:{i:0;N;i:1;N;i:2;N;i:3;N;}', 3),
(171, 170, 'a:4:{i:0;s:6:\"defeat\";i:1;s:9:\"recession\";i:2;s:6:\"hiding\";i:3;s:9:\"remission\";}', 'a:4:{i:0;N;i:1;N;i:2;N;i:3;N;}', 4),
(172, 171, 'a:4:{i:0;s:5:\"feign\";i:1;s:8:\"perceive\";i:2;s:8:\"imitate \";i:3;s:7:\"process\";}', 'a:4:{i:0;N;i:1;N;i:2;N;i:3;N;}', 1),
(173, 172, 'a:4:{i:0;s:9:\"agreement\";i:1;s:11:\"correlation\";i:2;s:12:\"relationship\";i:3;s:15:\"discontinuation\";}', 'a:4:{i:0;N;i:1;N;i:2;N;i:3;N;}', 2),
(174, 173, 'a:4:{i:0;s:6:\"harass\";i:1;s:9:\"instigate\";i:2;s:6:\"subdue\";i:3;s:11:\"interrogate\";}', 'a:4:{i:0;N;i:1;N;i:2;N;i:3;N;}', 3),
(175, 174, 'a:4:{i:0;s:7:\"dissent\";i:1;s:9:\"authority\";i:2;s:7:\"control\";i:3;s:7:\"consent\";}', 'a:4:{i:0;N;i:1;N;i:2;N;i:3;N;}', 4),
(176, 175, 'a:4:{i:0;s:7:\"dissent\";i:1;s:7:\"harmony\";i:2;s:4:\"love\";i:3;s:5:\"power\";}', 'a:4:{i:0;N;i:1;N;i:2;N;i:3;N;}', 1),
(177, 176, 'a:4:{i:0;s:7:\"warning\";i:1;s:7:\"warrant\";i:2;s:8:\"document\";i:3;s:4:\"note\";}', 'a:4:{i:0;N;i:1;N;i:2;N;i:3;N;}', 2),
(178, 177, 'a:4:{i:0;s:4:\"word\";i:1;s:7:\"thought\";i:2;s:4:\"slip\";i:3;s:7:\"emotion\";}', 'a:4:{i:0;N;i:1;N;i:2;N;i:3;N;}', 3),
(179, 178, 'a:4:{i:0;s:8:\"censored\";i:1;s:7:\"corrupt\";i:2;s:13:\"sophisticated\";i:3;s:5:\"clean\";}', 'a:4:{i:0;N;i:1;N;i:2;N;i:3;N;}', 2),
(180, 179, 'a:4:{i:0;s:8:\"dictated\";i:1;s:8:\"enhanced\";i:2;s:9:\"corrupted\";i:3;s:8:\"swindled\";}', 'a:4:{i:0;N;i:1;N;i:2;N;i:3;N;}', 3),
(181, 180, 'a:4:{i:0;s:10:\"worshipped\";i:1;s:7:\"hassled\";i:2;s:11:\"overwhelmed\";i:3;s:10:\"influenced\";}', 'a:4:{i:0;N;i:1;N;i:2;N;i:3;N;}', 4),
(182, 181, 'a:4:{i:0;s:8:\"harangue\";i:1;s:7:\"chatter\";i:2;s:6:\"speech\";i:3;s:7:\"tribute\";}', 'a:4:{i:0;N;i:1;N;i:2;N;i:3;N;}', 1),
(183, 182, 'a:4:{i:0;s:12:\"gesticulated\";i:1;s:6:\"argued\";i:2;s:9:\"clobbered\";i:3;s:7:\"derided\";}', 'a:4:{i:0;N;i:1;N;i:2;N;i:3;N;}', 1),
(184, 183, 'a:4:{i:0;s:7:\"annoyed\";i:1;s:9:\"augmented\";i:2;s:8:\"troubled\";i:3;s:9:\"decreased\";}', 'a:4:{i:0;N;i:1;N;i:2;N;i:3;N;}', 2),
(185, 184, 'a:4:{i:0;s:8:\"acquired\";i:1;s:10:\"nonchalant\";i:2;s:9:\"repulsive\";i:3;s:7:\"fervent\";}', 'a:4:{i:0;N;i:1;N;i:2;N;i:3;N;}', 4),
(186, 185, 'a:4:{i:0;s:11:\"comfortably\";i:1;s:9:\"nervously\";i:2;s:10:\"vigorously\";i:3;s:5:\"badly\";}', 'a:4:{i:0;N;i:1;N;i:2;N;i:3;N;}', 1),
(187, 186, 'a:4:{i:0;s:1:\"2\";i:1;s:1:\"3\";i:2;s:1:\"5\";i:3;s:1:\"7\";}', 'a:4:{i:0;N;i:1;N;i:2;N;i:3;N;}', 1),
(188, 187, 'a:4:{i:0;s:1:\"4\";i:1;s:1:\"6\";i:2;s:1:\"2\";i:3;s:1:\"1\";}', 'a:4:{i:0;N;i:1;N;i:2;N;i:3;N;}', 2),
(189, 188, 'a:4:{i:0;s:1:\"1\";i:1;s:1:\"2\";i:2;s:1:\"3\";i:3;s:1:\"7\";}', 'a:4:{i:0;N;i:1;N;i:2;N;i:3;N;}', 4),
(190, 189, 'a:4:{i:0;s:2:\"14\";i:1;s:2:\"15\";i:2;s:2:\"17\";i:3;s:2:\"23\";}', 'a:4:{i:0;N;i:1;N;i:2;N;i:3;N;}', 1),
(191, 190, 'a:4:{i:0;s:2:\"24\";i:1;s:1:\"1\";i:2;s:1:\"2\";i:3;s:1:\"3\";}', 'a:4:{i:0;N;i:1;N;i:2;N;i:3;N;}', 1),
(192, 191, 'a:4:{i:0;s:1:\"2\";i:1;s:1:\"3\";i:2;s:1:\"4\";i:3;s:1:\"5\";}', 'a:4:{i:0;N;i:1;N;i:2;N;i:3;N;}', 1),
(193, 192, 'a:4:{i:0;s:1:\"2\";i:1;s:1:\"3\";i:2;s:1:\"4\";i:3;s:1:\"5\";}', 'a:4:{i:0;N;i:1;N;i:2;N;i:3;N;}', 2),
(194, 193, 'a:4:{i:0;s:1:\"1\";i:1;s:1:\"2\";i:2;s:1:\"3\";i:3;s:1:\"4\";}', 'a:4:{i:0;N;i:1;N;i:2;N;i:3;N;}', 4),
(195, 194, 'a:4:{i:0;s:1:\"2\";i:1;s:1:\"4\";i:2;s:1:\"7\";i:3;s:1:\"6\";}', 'a:4:{i:0;N;i:1;N;i:2;N;i:3;N;}', 4),
(196, 195, 'a:4:{i:0;s:1:\"8\";i:1;s:1:\"1\";i:2;s:1:\"4\";i:3;s:1:\"5\";}', 'a:4:{i:0;N;i:1;N;i:2;N;i:3;N;}', 1),
(197, 196, 'a:4:{i:0;s:1:\"2\";i:1;s:1:\"8\";i:2;s:1:\"3\";i:3;s:1:\"4\";}', 'a:4:{i:0;N;i:1;N;i:2;N;i:3;N;}', 2),
(198, 197, 'a:4:{i:0;s:2:\"23\";i:1;s:2:\"56\";i:2;s:2:\"55\";i:3;s:2:\"42\";}', 'a:4:{i:0;N;i:1;N;i:2;N;i:3;N;}', 3),
(199, 198, 'a:4:{i:0;s:1:\"2\";i:1;s:1:\"6\";i:2;s:1:\"9\";i:3;s:1:\"1\";}', 'a:4:{i:0;N;i:1;N;i:2;N;i:3;N;}', 3),
(200, 199, 'a:4:{i:0;s:1:\"6\";i:1;s:1:\"1\";i:2;s:1:\"5\";i:3;s:1:\"4\";}', 'a:4:{i:0;N;i:1;N;i:2;N;i:3;N;}', 1),
(201, 200, 'a:4:{i:0;s:2:\"11\";i:1;s:2:\"10\";i:2;s:1:\"9\";i:3;s:1:\"3\";}', 'a:4:{i:0;N;i:1;N;i:2;N;i:3;N;}', 2),
(202, 201, 'a:4:{i:0;s:5:\"skull\";i:1;s:8:\"membrane\";i:2;s:8:\"forehead\";i:3;s:8:\"ligament\";}', 'a:4:{i:0;N;i:1;N;i:2;N;i:3;N;}', 1),
(203, 202, 'a:4:{i:0;N;i:1;N;i:2;N;i:3;N;}', 'a:4:{i:0;N;i:1;N;i:2;N;i:3;N;}', NULL),
(204, 203, 'a:4:{i:0;N;i:1;N;i:2;N;i:3;N;}', 'a:4:{i:0;N;i:1;N;i:2;N;i:3;N;}', NULL),
(205, 204, 'a:4:{i:0;N;i:1;N;i:2;N;i:3;N;}', 'a:4:{i:0;N;i:1;N;i:2;N;i:3;N;}', NULL),
(206, 205, 'a:4:{i:0;s:1:\"1\";i:1;s:1:\"3\";i:2;s:1:\"5\";i:3;s:1:\"7\";}', 'a:4:{i:0;N;i:1;N;i:2;N;i:3;N;}', 3),
(207, 206, 'a:4:{i:0;N;i:1;N;i:2;N;i:3;N;}', 'a:4:{i:0;N;i:1;N;i:2;N;i:3;N;}', NULL),
(208, 207, 'a:4:{i:0;s:4:\"from\";i:1;s:2:\"in\";i:2;s:4:\"with\";i:3;s:2:\"to\";}', 'a:4:{i:0;N;i:1;N;i:2;N;i:3;N;}', 4),
(209, 208, 'a:4:{i:0;s:4:\"with\";i:1;s:3:\"for\";i:2;s:2:\"to\";i:3;s:2:\"in\";}', 'a:4:{i:0;N;i:1;N;i:2;N;i:3;N;}', 3),
(210, 209, 'a:4:{i:0;s:2:\"to\";i:1;s:3:\"for\";i:2;s:4:\"with\";i:3;s:3:\"the\";}', 'a:4:{i:0;N;i:1;N;i:2;N;i:3;N;}', 2),
(211, 210, 'a:4:{i:0;s:2:\"in\";i:1;s:2:\"on\";i:2;s:2:\"at\";i:3;s:2:\"to\";}', 'a:4:{i:0;N;i:1;N;i:2;N;i:3;N;}', 1),
(212, 211, 'a:4:{i:0;s:4:\"with\";i:1;s:3:\"for\";i:2;s:2:\"in\";i:3;s:2:\"on\";}', 'a:4:{i:0;N;i:1;N;i:2;N;i:3;N;}', 2),
(213, 212, 'a:4:{i:0;s:3:\"out\";i:1;s:4:\"with\";i:2;s:2:\"at\";i:3;s:2:\"to\";}', 'a:4:{i:0;N;i:1;N;i:2;N;i:3;N;}', 3),
(214, 213, 'a:4:{i:0;s:4:\"with\";i:1;s:4:\"from\";i:2;s:3:\"for\";i:3;s:2:\"at\";}', 'a:4:{i:0;N;i:1;N;i:2;N;i:3;N;}', 3),
(215, 214, 'a:4:{i:0;s:4:\"with\";i:1;s:4:\"from\";i:2;s:3:\"for\";i:3;s:2:\"at\";}', 'a:4:{i:0;N;i:1;N;i:2;N;i:3;N;}', 3),
(216, 215, 'a:4:{i:0;s:4:\"from\";i:1;s:2:\"at\";i:2;s:4:\"with\";i:3;s:2:\"to\";}', 'a:4:{i:0;N;i:1;N;i:2;N;i:3;N;}', 4),
(217, 216, 'a:4:{i:0;s:2:\"up\";i:1;s:4:\"with\";i:2;s:4:\"from\";i:3;s:2:\"in\";}', 'a:4:{i:0;N;i:1;N;i:2;N;i:3;N;}', 1),
(218, 217, 'a:4:{i:0;s:3:\"for\";i:1;s:2:\"at\";i:2;s:2:\"in\";i:3;s:2:\"on\";}', 'a:4:{i:0;N;i:1;N;i:2;N;i:3;N;}', 4),
(219, 218, 'a:4:{i:0;s:5:\"black\";i:1;s:4:\"blue\";i:2;s:5:\"white\";i:3;s:6:\"yellow\";}', 'a:4:{i:0;N;i:1;N;i:2;N;i:3;N;}', 1),
(220, 219, 'a:4:{i:0;s:6:\"Test 1\";i:1;s:6:\"Test 2\";i:2;s:6:\"Test 3\";i:3;s:6:\"Test 4\";}', 'a:4:{i:0;s:32:\"image_20180804-5b65c92679d66.jpg\";i:1;s:32:\"image_20180804-5b65c93b8179c.jpg\";i:2;s:32:\"image_20180804-5b65c97ae8057.jpg\";i:3;s:32:\"image_20180804-5b65c97af23f2.jpg\";}', 3);

-- --------------------------------------------------------

--
-- Table structure for table `tbl_question_answer_mode`
--

CREATE TABLE `tbl_question_answer_mode` (
  `question_answer_mode_id` int(11) NOT NULL,
  `question_type_desc` varchar(255) DEFAULT NULL
) ENGINE=InnoDB DEFAULT CHARSET=latin1;

--
-- Dumping data for table `tbl_question_answer_mode`
--

INSERT INTO `tbl_question_answer_mode` (`question_answer_mode_id`, `question_type_desc`) VALUES
(1, 'multi_choice'),
(2, 'essay');

-- --------------------------------------------------------

--
-- Table structure for table `tbl_question_bank`
--

CREATE TABLE `tbl_question_bank` (
  `question_bank_id` int(11) NOT NULL,
  `question_bank_title` varchar(255) NOT NULL,
  `question_bank_desc` varchar(255) DEFAULT NULL,
  `category_id` int(11) DEFAULT NULL,
  `course_section_id` int(11) DEFAULT NULL COMMENT 'this becomes category_section,  did not rename because alot of dependents here. will rename later',
  `category_level_id` int(11) DEFAULT NULL,
  `author_user_id` int(11) NOT NULL,
  `active` int(11) NOT NULL DEFAULT 1,
  `date_added` datetime NOT NULL DEFAULT current_timestamp()
) ENGINE=InnoDB DEFAULT CHARSET=latin1;

--
-- Dumping data for table `tbl_question_bank`
--

INSERT INTO `tbl_question_bank` (`question_bank_id`, `question_bank_title`, `question_bank_desc`, `category_id`, `course_section_id`, `category_level_id`, `author_user_id`, `active`, `date_added`) VALUES
(1, 'English Vocabulary Bank', 'TEST DESCR2', NULL, 5, 5, 2, 1, '2018-05-14 12:55:15'),
(24, 'ENG Vocab MultiChoice', 'English vocabulary multiple choices question bank.\nContains text, images and audios', NULL, 5, 5, 4, 0, '2018-05-27 19:40:47'),
(29, 'MATH Simple Questions', 'Contains series of elementary level Math questions that can stirr up your mind', NULL, 4, 3, 4, 1, '2018-06-06 01:26:43'),
(30, 'MATH Simple Substraction', 'Simple Substraction', NULL, 4, 3, 4, 1, '2018-06-15 11:10:23'),
(31, 'Vocabulary CEFR B2', 'English Vocabulary CEFR Level B2 Questions (MCQ)', 2, 5, 5, 4, 1, '2018-06-22 22:12:57'),
(37, 'TEST BANK NEW', 'TEST BANK NEW', 1, 18, NULL, 3, 1, '2018-07-04 22:27:13'),
(38, 'Math Addition', 'Math Addition', 1, 4, 3, 4, 1, '2018-07-09 04:55:24'),
(39, 'Vocabulary CEFR B2', '\n English Vocabulary CEFR Level B2 Questions (MCQ)\n ', 2, 5, 5, 4, 1, '2018-07-09 05:43:08'),
(41, 'TEST QUESTION BANK CLIENT REQUEST', 'TEST QUESTION BANK CLIENT REQUEST', 1, 4, 3, 4, 1, '2018-07-29 11:52:09'),
(42, 'Grammar A1-A2', NULL, 11, 6, 6, 4, 0, '2018-08-04 06:35:41'),
(43, 'Grammar A1-A2 Paper 1', NULL, 11, 6, 6, 4, 1, '2018-08-04 06:55:26'),
(44, 'Grammar A1-A2 Paper 1', NULL, 11, 6, 6, 4, 0, '2018-08-04 06:56:28'),
(45, 'Grammar A1-A2 Paper 1', NULL, 11, 6, 6, 4, 0, '2018-08-04 06:56:42');

-- --------------------------------------------------------

--
-- Table structure for table `tbl_question_type`
--

CREATE TABLE `tbl_question_type` (
  `question_type_id` int(11) NOT NULL,
  `question_type_desc` varchar(255) DEFAULT NULL
) ENGINE=InnoDB DEFAULT CHARSET=latin1;

--
-- Dumping data for table `tbl_question_type`
--

INSERT INTO `tbl_question_type` (`question_type_id`, `question_type_desc`) VALUES
(1, 'text'),
(2, 'image'),
(3, 'audio');

-- --------------------------------------------------------

--
-- Table structure for table `tbl_session`
--

CREATE TABLE `tbl_session` (
  `session_id` int(11) NOT NULL,
  `session_key` varchar(255) NOT NULL,
  `session_value` text DEFAULT NULL,
  `session_created` datetime DEFAULT current_timestamp(),
  `session_expiry` bigint(20) DEFAULT NULL,
  `session_user_id` int(11) DEFAULT NULL,
  `active` tinyint(4) NOT NULL DEFAULT 1
) ENGINE=InnoDB DEFAULT CHARSET=latin1;

--
-- Dumping data for table `tbl_session`
--

INSERT INTO `tbl_session` (`session_id`, `session_key`, `session_value`, `session_created`, `session_expiry`, `session_user_id`, `active`) VALUES
(25, 'agora_user_c81e728d9d4c', '00f392e6ba5d1dc1026717ad23a77ed8', '2018-04-29 23:20:56', 3600, 2, 1),
(26, 'agora_user_c81e728d9d4c', '0560cc66d845f69aef4b7852b9af795d', '2018-05-01 12:45:59', 3600, 2, 1),
(27, 'agora_user_c81e728d9d4c', '8177c70b7d9e50e474fc2ca7753b6bfc', '2018-05-01 19:34:12', 3600, 2, 1),
(28, 'agora_user_c81e728d9d4c', '751b736de8199a452dee72bc6100650d', '2018-05-01 19:34:18', 3600, 2, 1),
(29, 'agora_user_c81e728d9d4c', '2425d264b5defcaaec4d1dc881d2dea3', '2018-05-01 19:34:49', 3600, 2, 1),
(30, 'agora_user_c81e728d9d4c', '50fb6b59422b3bccbfa5285e70849fc7', '2018-05-01 19:34:52', 3600, 2, 1),
(31, 'agora_user_c81e728d9d4c', '7889583427c8f3dc99e6452f5d1ee5e0', '2018-05-02 20:31:29', 3600, 2, 1),
(32, 'agora_user_c81e728d9d4c', '5bcd8b0f8dfeffbd8532de8130420575', '2018-05-02 20:58:02', 3600, 2, 1),
(33, 'agora_user_c81e728d9d4c', 'e04780dfc5a9b9ae51d7374338ec9e87', '2018-05-03 21:22:08', 3600, 2, 1),
(34, 'agora_user_c81e728d9d4c', '6759771f4218f75e50da0a594f07c767', '2018-05-03 21:32:35', 3600, 2, 1),
(35, 'agora_user_c81e728d9d4c', '94d0de620f13b6de12dabdaceabada91', '2018-05-03 21:33:01', 3600, 2, 1),
(36, 'agora_user_c81e728d9d4c', 'baae9fe7f30cd36166ccc076ef347d9d', '2018-05-03 21:33:02', 3600, 2, 1),
(37, 'agora_user_c81e728d9d4c', '00081ba7423edb6069ffbace0c8c9486', '2018-05-03 21:33:05', 3600, 2, 1),
(38, 'agora_user_c81e728d9d4c', 'd5ad857bfdca117b34384a874b116668', '2018-05-03 21:33:06', 3600, 2, 1),
(39, 'agora_user_c81e728d9d4c', '39c6d62b2a5677568eed4c0bbe3dc9e7', '2018-05-03 21:33:07', 3600, 2, 1),
(40, 'agora_user_c81e728d9d4c', '5d6ffc3364f6438d398388dd0518b0b2', '2018-05-03 21:33:10', 3600, 2, 1),
(41, 'agora_user_c81e728d9d4c', 'a7a48bd6a6b25642b87b758fffd5f7f1', '2018-05-03 21:33:11', 3600, 2, 1),
(42, 'agora_user_c81e728d9d4c', 'c23095351c9ede900d72a101bdbe4516', '2018-05-03 21:33:12', 3600, 2, 1),
(43, 'agora_user_c81e728d9d4c', 'a4a8c08e5334420ee1cefb1b180aabcd', '2018-05-03 21:33:26', 3600, 2, 1),
(44, 'agora_user_c81e728d9d4c', 'cdd94992790093119cee73be033106e0', '2018-05-03 21:34:12', 3600, 2, 1),
(45, 'agora_user_c81e728d9d4c', '59198c2314acd369fa367819b2beb6ad', '2018-05-03 23:22:48', 3600, 2, 1),
(46, 'agora_user_c81e728d9d4c', 'b0fae60e85beb0920e55a556ea65d0b4', '2018-05-12 07:48:04', 3600, 2, 1),
(47, 'agora_user_c81e728d9d4c', 'b57e9d03252ce82126404827e7debfe9', '2018-05-14 02:30:03', 3600, 2, 1),
(48, 'agora_user_c81e728d9d4c', '8593524348586c0665378aa9963f1acb', '2018-05-14 02:45:07', 3600, 2, 1),
(49, 'agora_user_c81e728d9d4c', 'a25f77eed600bfd1db0a6f3a1f7052af', '2018-05-14 04:04:38', 3600, 2, 1),
(50, 'agora_user_c81e728d9d4c', '67d3b324ca45e7951c618086ba69b122', '2018-05-14 04:05:11', 3600, 2, 1),
(51, 'agora_user_c81e728d9d4c', 'ebc8712bf858836d8b8e1d9f3f10fdb3', '2018-05-14 18:31:28', 3600, 2, 1),
(52, 'agora_user_c81e728d9d4c', '2f8e617fe36b24e98998dd7da2676ec0', '2018-05-17 20:31:14', 3600, 2, 1),
(53, 'agora_user_c81e728d9d4c', '3b9567c9ea1e7d5c58b40625eab0fbde', '2018-05-17 20:34:19', 3600, 2, 1),
(54, 'agora_user_c81e728d9d4c', 'c3dc7325b3a081478ce3adcb6f33a96a', '2018-05-17 20:59:15', 3600, 2, 1),
(55, 'agora_user_c81e728d9d4c', '91d6c5b8a9ff614f9a7e2bf6fab09ded', '2018-05-17 21:04:20', 3600, 2, 1),
(56, 'agora_user_eccbc87e4b5c', 'bbd243c72cef7e9e45f5ac184fa6f7a1', '2018-05-17 21:17:28', 3600, 3, 1),
(57, 'agora_user_c81e728d9d4c', 'afc8caf9797f50c9f34c23005e6f9b35', '2018-05-24 21:37:57', 3600, 2, 1),
(58, 'agora_user_c81e728d9d4c', '1cdc033fa384b187bcaf57b39b9f492f', '2018-05-24 22:23:41', 3600, 2, 1),
(59, 'agora_user_c81e728d9d4c', 'd46626f342b0f500d9e6cebe94d5990b', '2018-05-24 22:24:44', 3600, 2, 1),
(60, 'agora_user_c81e728d9d4c', '6af00ac3cc3851d5c0c68bf77014fbfc', '2018-05-24 22:28:25', 3600, 2, 1),
(61, 'agora_user_c81e728d9d4c', '93514962a6c1ffca3bb0045843fd0e62', '2018-05-26 19:46:33', 3600, 2, 1),
(62, 'agora_user_a87ff679a2f3', 'c7dc65488606fc16da686b950dc6abe4', '2018-05-27 19:38:32', 3600, 4, 1),
(63, 'agora_user_a87ff679a2f3', '734d19058280dd346c288a07a90fb6be', '2018-05-27 19:39:12', 3600, 4, 1),
(64, 'agora_user_a87ff679a2f3', 'd393fed47c8088a26a93129136d2a9db', '2018-05-29 20:29:24', 3600, 4, 1),
(65, 'agora_user_a87ff679a2f3', 'd393fed47c8088a26a93129136d2a9db', '2018-05-29 20:29:24', 3600, 4, 1),
(66, 'agora_user_a87ff679a2f3', '6d79e192c8620d12641e9b2c0cc28189', '2018-05-29 20:30:01', 3600, 4, 1),
(67, 'agora_user_a87ff679a2f3', '74614bfedeca1a26ae84b458f2d62ef9', '2018-05-30 20:40:53', 3600, 4, 1),
(68, 'agora_user_c81e728d9d4c', '78e25e8ec553452df6327fb9929067c0', '2018-05-30 21:01:05', 3600, 2, 1),
(69, 'agora_user_a87ff679a2f3', '5dd95982d168b3ace7785b8a5bd495ff', '2018-05-30 21:01:09', 3600, 4, 1),
(70, 'agora_user_a87ff679a2f3', '60b57ba966e6551b698eeae33bc4ffd1', '2018-05-31 20:40:12', 3600, 4, 1),
(71, 'agora_user_a87ff679a2f3', '50ab29b2a77b8d4632af09a966f5a89d', '2018-05-31 23:24:40', 3600, 4, 1),
(72, 'agora_user_a87ff679a2f3', '5cd5446408d01a611f16d6fb699e7c3b', '2018-05-31 23:26:44', 3600, 4, 1),
(73, 'agora_user_c81e728d9d4c', '4b517c4233a0972af79ece564005b2ba', '2018-06-02 13:59:28', 3600, 2, 1),
(74, 'agora_user_c81e728d9d4c', 'c051a1cc8ede5651233835b3250612d3', '2018-06-02 14:01:47', 3600, 2, 1),
(75, 'agora_user_c81e728d9d4c', '13cbf0ce3ac4f4a8df6e8ead2cf8b590', '2018-06-02 14:03:08', 3600, 2, 1),
(76, 'agora_user_a87ff679a2f3', '730e53ef9ac5c16ef27c0726b8f10031', '2018-06-02 14:06:10', 3600, 4, 1),
(77, 'agora_user_a87ff679a2f3', '83b1e005671fd5efed558dfd6eecf07c', '2018-06-02 14:06:19', 3600, 4, 1),
(78, 'agora_user_a87ff679a2f3', '833f7112c7b4f631636e40fc31d992ef', '2018-06-02 15:34:28', 3600, 4, 1),
(79, 'agora_user_c81e728d9d4c', 'c49d179f316ad25c4472d8406d97b22a', '2018-06-02 22:41:34', 3600, 2, 1),
(80, 'agora_user_c81e728d9d4c', 'c7edcbed3e16397913735bf1b6951bd2', '2018-06-02 22:43:02', 3600, 2, 1),
(81, 'agora_user_a87ff679a2f3', '7a0d8d3736859274f3887450e3949ec6', '2018-06-02 22:43:20', 3600, 4, 1),
(82, 'agora_user_c81e728d9d4c', 'd0f8fc5d4085cf21bf1445dac18e173b', '2018-06-03 00:48:40', 3600, 2, 1),
(83, 'agora_user_a87ff679a2f3', '156f885a9d511641e6d2ef74e887b0c3', '2018-06-02 10:27:16', 3600, 4, 1),
(84, 'agora_user_c81e728d9d4c', 'eddd6203bf29cbaec293fe301de26b16', '2018-06-02 10:31:32', 3600, 2, 1),
(85, 'agora_user_a87ff679a2f3', 'c10bb695453f81711a40d5502f303531', '2018-06-02 10:46:10', 3600, 4, 1),
(86, 'agora_user_a87ff679a2f3', '868ec29818e6ad2fc5418ba01c8d2260', '2018-06-02 20:30:54', 3600, 4, 1),
(87, 'agora_user_c4ca4238a0b9', 'cf89e3758f5a91d8a03d215cc4e489a5', '2018-06-02 20:36:44', 3600, 1, 1),
(88, 'agora_user_a87ff679a2f3', '0858c918f6609f58d8461aa16b81f6da', '2018-06-03 03:16:05', 3600, 4, 1),
(89, 'agora_user_c81e728d9d4c', '1dceba490b536056e43de928303f0462', '2018-06-03 08:10:47', 3600, 2, 1),
(90, 'agora_user_a87ff679a2f3', 'd7e5d5f6701d04f91116dd83fd146c5e', '2018-06-03 08:12:26', 3600, 4, 1),
(91, 'agora_user_a87ff679a2f3', '7ce267d35aa6e0555e0508d95469b6f9', '2018-06-03 08:38:00', 3600, 4, 1),
(92, 'agora_user_a87ff679a2f3', 'dbca9bc0ef7b2af6a2ad927515a19b7c', '2018-06-03 08:43:29', 3600, 4, 1),
(93, 'agora_user_a87ff679a2f3', '0c2a4bf6f335944f349d1d5d9d6a14e3', '2018-06-04 06:38:22', 3600, 4, 1),
(94, 'agora_user_a87ff679a2f3', '2981ba6fab53d02633ab6498a8d99fd3', '2018-06-05 00:47:18', 3600, 4, 1),
(95, 'agora_user_a87ff679a2f3', '03ed0c5d7dab8b41360aaae065bdaf45', '2018-06-05 00:57:14', 3600, 4, 1),
(96, 'agora_user_a87ff679a2f3', '1902e9366aa826d4dc937b2d587feb84', '2018-06-05 05:31:26', 3600, 4, 1),
(97, 'agora_user_c81e728d9d4c', 'aa9f5e210509de4970783c4ed133806a', '2018-06-05 06:11:38', 3600, 2, 1),
(98, 'agora_user_a87ff679a2f3', 'd37150751cfa30c71f59190ef23bfe22', '2018-06-05 06:58:02', 3600, 4, 1),
(99, 'agora_user_a87ff679a2f3', 'de4cee0c7f50d9e42126b2f3344e4995', '2018-06-05 19:51:45', 3600, 4, 1),
(100, 'agora_user_a87ff679a2f3', '101d0d02e18383cd7b13f49e74ad5c1f', '2018-06-05 20:53:03', 3600, 4, 1),
(101, 'agora_user_e4da3b7fbbce', '2a02f9d72e3ce23518f3c172f14d83d2', '2018-06-05 22:34:48', 3600, 5, 1),
(102, 'agora_user_a87ff679a2f3', 'a27a5941f11a286fca488522b77ed723', '2018-06-06 00:11:44', 3600, 4, 1),
(103, 'agora_user_a87ff679a2f3', '63e6786f349dda55221fb1fc5a64cd40', '2018-06-06 01:25:03', 3600, 4, 1),
(104, 'agora_user_a87ff679a2f3', '4ec8fd2d7b4ec72ddef6aecf61421a71', '2018-06-07 20:52:32', 3600, 4, 1),
(105, 'agora_user_a87ff679a2f3', '8f4d039df860a4d0a34670e6cd84f74a', '2018-06-07 22:04:45', 3600, 4, 1),
(106, 'agora_user_a87ff679a2f3', '78ef751237f7b251fb130ce951c45570', '2018-06-10 19:16:54', 3600, 4, 1),
(107, 'agora_user_a87ff679a2f3', 'e0fb739afbad03813b5335bc86656405', '2018-06-10 19:41:45', 3600, 4, 1),
(108, 'agora_user_a87ff679a2f3', 'e1c7ada2a5beb5d8d7d76d5e34d62f21', '2018-06-10 22:33:00', 3600, 4, 1),
(109, 'agora_user_a87ff679a2f3', 'f22c5ce53b6c06d219aafe5923c4444b', '2018-06-10 23:09:13', 3600, 4, 1),
(110, 'agora_user_c81e728d9d4c', 'ce4719fcf042bcd63f8b9b21162c04e2', '2018-06-11 00:20:35', 3600, 2, 1),
(111, 'agora_user_a87ff679a2f3', '535b4cce2f6f1a12e3be868881bed6ba', '2018-06-11 00:20:59', 3600, 4, 1),
(112, 'agora_user_a87ff679a2f3', '73af8934f3ed5a10d82aa6d52b5a20ca', '2018-06-11 20:59:20', 3600, 4, 1),
(113, 'agora_user_c81e728d9d4c', '01fc0f711ed83640738dc59b7e8d01fd', '2018-06-11 21:00:45', 3600, 2, 1),
(114, 'agora_user_c81e728d9d4c', '98b636c805ddf5d56d3a956c570e674b', '2018-06-12 11:31:02', 3600, 2, 1),
(115, 'agora_user_a87ff679a2f3', 'e9e60a89673ef8ac5d9d83ac5fb62e35', '2018-06-12 11:40:10', 3600, 4, 1),
(116, 'agora_user_c81e728d9d4c', '13e82a23147176042e7111c704e90fe5', '2018-06-12 11:42:28', 3600, 2, 1),
(117, 'agora_user_a87ff679a2f3', '5f45ba235c19957cfa0f66c50ccd72aa', '2018-06-12 11:47:04', 3600, 4, 1),
(118, 'agora_user_c81e728d9d4c', '8ba3a167de7d5292a2bd4083f29a481b', '2018-06-12 11:49:29', 3600, 2, 1),
(119, 'agora_user_c81e728d9d4c', '6a235fd3c279ba72201d4bc0a2acaadd', '2018-06-12 21:29:44', 3600, 2, 1),
(120, 'agora_user_a87ff679a2f3', '8aed63d1ddebe9f555f6de278d7cdc72', '2018-06-12 21:29:58', 3600, 4, 1),
(121, 'agora_user_c81e728d9d4c', 'f070801c23d01d7636dd4d6ec78f6158', '2018-06-13 20:23:59', 3600, 2, 1),
(122, 'agora_user_a87ff679a2f3', '38e0dcbad800c369b9ec4fc84436984b', '2018-06-13 21:27:50', 3600, 4, 1),
(123, 'agora_user_a87ff679a2f3', '11ac9443c484e9c50ad622a2ab41bed5', '2018-06-13 21:28:56', 3600, 4, 1),
(124, 'agora_user_c81e728d9d4c', '2efb2b10b7c682671fdf7968545c9ef2', '2018-06-13 21:29:09', 3600, 2, 1),
(125, 'agora_user_c81e728d9d4c', '8601aace4d9f7a291fec650258debf1d', '2018-06-14 20:44:52', 3600, 2, 1),
(126, 'agora_user_a87ff679a2f3', '61fe0754ba10543cd350a3d82fe22af3', '2018-06-14 21:05:15', 3600, 4, 1),
(127, 'agora_user_a87ff679a2f3', 'f4b83db53f706c24019891808ef03061', '2018-06-15 00:21:20', 3600, 4, 1),
(128, 'agora_user_a87ff679a2f3', 'ab53da8ec699630a1f68cd28daa63a73', '2018-06-15 02:01:14', 3600, 4, 1),
(129, 'agora_user_c81e728d9d4c', '58da05aa10930506b67a3d2646934889', '2018-06-15 10:58:43', 3600, 2, 1),
(130, 'agora_user_a87ff679a2f3', '9f3533a083a5bddf1a991e8dc34254bc', '2018-06-15 11:09:35', 3600, 4, 1),
(131, 'agora_user_c81e728d9d4c', '74571c19bc7e58b33e5b79bd9fbf4a2b', '2018-06-15 11:20:26', 3600, 2, 1),
(132, 'agora_user_a87ff679a2f3', 'dabc0a99d923c0098f3705e58204ceef', '2018-06-17 02:07:34', 3600, 4, 1),
(133, 'agora_user_a87ff679a2f3', '19181438637023cf4fc645cbeedc9a8d', '2018-06-17 02:46:26', 3600, 4, 1),
(134, 'agora_user_c81e728d9d4c', '3828f68bd105b8f27e371015327909d1', '2018-06-17 02:58:11', 3600, 2, 1),
(135, 'agora_user_c81e728d9d4c', '90608b54eb14e0d82eb4f5440f9af19e', '2018-06-17 02:58:20', 3600, 2, 1),
(136, 'agora_user_c81e728d9d4c', '7f66694b60e0c34929e1475267985e8c', '2018-06-17 02:58:23', 3600, 2, 1),
(137, 'agora_user_c81e728d9d4c', 'fdaaa67fa8d9d7bb7b90a25ce1fe040b', '2018-06-17 02:58:46', 3600, 2, 1),
(138, 'agora_user_c81e728d9d4c', 'dd5c099a1f36d23f1b92b5f45afcc322', '2018-06-17 03:00:08', 3600, 2, 1),
(139, 'agora_user_a87ff679a2f3', 'a40b74eec409a1ca48a89e8cc28e9170', '2018-06-17 03:28:04', 3600, 4, 1),
(140, 'agora_user_a87ff679a2f3', 'bc8475249ef72162501a6646909b0ff8', '2018-06-17 03:33:54', 3600, 4, 1),
(141, 'agora_user_a87ff679a2f3', '76c960d12b42f5cc30f2881f8057eb1c', '2018-06-17 03:37:12', 3600, 4, 1),
(142, 'agora_user_e4da3b7fbbce', '21f06fd8d59445ebeaa1f98b44e031d2', '2018-06-17 03:40:04', 3600, 5, 1),
(143, 'agora_user_a87ff679a2f3', '057ac43634e7f4bf77eef6964ffddc93', '2018-06-17 03:43:59', 3600, 4, 1),
(144, 'agora_user_1679091c5a88', 'f02f3c1c0113ccc28361bf94afdfe395', '2018-06-17 16:00:28', 3600, 6, 1),
(145, 'agora_user_c81e728d9d4c', '4725e1784594aaa41d227eb90676b398', '2018-06-17 16:16:06', 3600, 2, 1),
(146, 'agora_user_a87ff679a2f3', '4312502b27403f676c0f07cca8a9791d', '2018-06-17 16:16:18', 3600, 4, 1),
(147, 'agora_user_c81e728d9d4c', 'e8913a64b96e3788d836358b8eaa557c', '2018-06-17 16:31:34', 3600, 2, 1),
(148, 'agora_user_c81e728d9d4c', 'b214f01d8dcd666f9b37ac820f4464f3', '2018-06-18 20:52:42', 3600, 2, 1),
(149, 'agora_user_c81e728d9d4c', 'd0f336d8306cae03fa0c710a778ec28d', '2018-06-20 20:57:48', 3600, 2, 1),
(150, 'agora_user_c4ca4238a0b9', '83f6cd8612d5ce4f38317b507e8975cb', '2018-06-20 22:52:11', 3600, 1, 1),
(151, 'agora_user_c4ca4238a0b9', 'e79aebe796d9b00011afda0fa23cf182', '2018-06-20 23:00:59', 3600, 1, 1),
(152, 'agora_user_c4ca4238a0b9', '51ce5b14d24730c32051700b44240019', '2018-06-20 23:02:12', 3600, 1, 1),
(153, 'agora_user_c81e728d9d4c', 'd53fc23295e0032738f27f9d21f4b45a', '2018-06-21 00:07:42', 3600, 2, 1),
(154, 'agora_user_c4ca4238a0b9', '5364c450ea2d1556923461a7c4164734', '2018-06-21 00:09:29', 3600, 1, 1),
(155, 'agora_user_c81e728d9d4c', '5eb4e354be4745f3d20cc407f0d06d99', '2018-06-21 09:44:58', 3600, 2, 1),
(156, 'agora_user_c4ca4238a0b9', 'eb98c020d9406bf6501d70ecfe7b28c6', '2018-06-21 09:46:50', 3600, 1, 1),
(157, 'agora_user_c81e728d9d4c', '2e1c34e965c435cc080c2ca55cf8bfbb', '2018-06-21 09:51:12', 3600, 2, 1),
(158, 'agora_user_c81e728d9d4c', '19c35096d6d6564ada50e3407dba3a3e', '2018-06-21 11:02:07', 3600, 2, 1),
(159, 'agora_user_a87ff679a2f3', 'e78545dd7107397cecd1c07ae87cd567', '2018-06-22 21:27:03', 3600, 4, 1),
(160, 'agora_user_a87ff679a2f3', 'ef7bdcbd2ec62e35823139ddca97af36', '2018-06-23 01:40:01', 3600, 4, 1),
(161, 'agora_user_c81e728d9d4c', 'e5f141748e98de7a42f569601e0441a3', '2018-06-23 01:40:32', 3600, 2, 1),
(162, 'agora_user_a87ff679a2f3', '8afbda6f337519f615c5fb5d3bf6505c', '2018-06-23 02:07:36', 3600, 4, 1),
(163, 'agora_user_c81e728d9d4c', '1f1915205e81c61ac092bd46ab5eba0b', '2018-06-23 02:41:28', 3600, 2, 1),
(164, 'agora_user_a87ff679a2f3', 'ca73128355d2cf338292dcfb556cf859', '2018-06-23 02:42:16', 3600, 4, 1),
(165, 'agora_user_c81e728d9d4c', 'e785d7a84011246c86ec7dceede15e30', '2018-06-23 02:44:28', 3600, 2, 1),
(166, 'agora_user_a87ff679a2f3', 'e8809e4efb8870b9c39dc7c075b6016b', '2018-06-23 04:03:02', 3600, 4, 1),
(167, 'agora_user_c81e728d9d4c', '5b315e91c15c0b1b66ff631d7d77f331', '2018-06-23 04:06:34', 3600, 2, 1),
(168, 'agora_user_a87ff679a2f3', '365300e16952fc5d6f34ae2415a9040f', '2018-06-25 09:48:14', 3600, 4, 1),
(169, 'agora_user_a87ff679a2f3', '7f5a840fe569214f71f46c3446f54f7c', '2018-06-26 09:25:51', 3600, 4, 1),
(170, 'agora_user_a87ff679a2f3', 'd0d33726ff17e7d5bb0840c4ab9f2fc3', '2018-06-26 09:26:00', 3600, 4, 1),
(171, 'agora_user_a87ff679a2f3', '460519a7764722400e13e05fd973d8ab', '2018-06-27 20:41:09', 3600, 4, 1),
(172, 'agora_user_a87ff679a2f3', '06563ecbd7e1de6d9daeea08e19f5f93', '2018-06-29 13:38:06', 3600, 4, 1),
(173, 'agora_user_a87ff679a2f3', '394015ddafb8606603d39465c9440866', '2018-06-29 13:51:07', 3600, 4, 1),
(174, 'agora_user_c4ca4238a0b9', 'c57fe473263144e59f1b7eff741d4853', '2018-06-29 14:06:27', 3600, 1, 1),
(175, 'agora_user_a87ff679a2f3', '8ad1c58cbfb8eea2f8e45c757f7f2c0f', '2018-06-29 14:21:02', 3600, 4, 1),
(176, 'agora_user_c81e728d9d4c', '18a6e6934fd361103075a0dd5551dd0c', '2018-06-29 22:13:13', 3600, 2, 1),
(177, 'agora_user_a87ff679a2f3', 'adca59d77275d7d8237b76e42b9ef1a3', '2018-06-30 02:34:44', 3600, 4, 1),
(178, 'agora_user_c81e728d9d4c', '09a271363efef15eb5e28d446d6cbedc', '2018-06-30 02:37:45', 3600, 2, 1),
(179, 'agora_user_a87ff679a2f3', 'be11dbeddf865234bb8f9c6dc8abb8c6', '2018-06-30 02:40:03', 3600, 4, 1),
(180, 'agora_user_c81e728d9d4c', '52474a8b2605ddd062c3cb2d8cd10708', '2018-06-30 02:46:53', 3600, 2, 1),
(181, 'agora_user_a87ff679a2f3', '7abe155cc0d2b23b11936a8abca281c4', '2018-06-30 18:59:21', 3600, 4, 1),
(182, 'agora_user_a87ff679a2f3', '32f81737d0d2a44c7ea3db91b8c0c063', '2018-07-04 09:51:02', 3600, 4, 1),
(183, 'agora_user_c4ca4238a0b9', 'f4366f41169227620a1aa080429bbb18', '2018-07-04 15:49:41', 3600, 1, 1),
(184, 'agora_user_a87ff679a2f3', '9a6ec64ee5f341b4f2395dbe13204c60', '2018-07-04 20:05:12', 3600, 4, 1),
(185, 'agora_user_c81e728d9d4c', '5e24576ec80d8d723b708da3f8af1d29', '2018-07-04 22:13:13', 3600, 2, 1),
(186, 'agora_user_a87ff679a2f3', 'c26505b6aec3eb3b70b98af9d31b1c90', '2018-07-04 22:14:51', 3600, 4, 1),
(187, 'agora_user_eccbc87e4b5c', '74d5d6081d2a7c3484cd3c3789175dc4', '2018-07-04 22:19:30', 3600, 3, 1),
(188, 'agora_user_c81e728d9d4c', '13c4d6a2e639f5a92a1695d23bca712f', '2018-07-04 22:44:33', 3600, 2, 1),
(189, 'agora_user_a87ff679a2f3', 'a19ff4718df66a2dc580f3f86a58ae85', '2018-07-04 23:16:29', 3600, 4, 1),
(190, 'agora_user_c81e728d9d4c', '15b1e5f5caa815ac6b6d8a9a67ac3181', '2018-07-04 23:20:42', 3600, 2, 1),
(191, 'agora_user_a87ff679a2f3', '308f848acefae0ce3c1c9d1ebf038465', '2018-07-05 00:18:14', 3600, 4, 1),
(192, 'agora_user_eccbc87e4b5c', '85473c120b18448f6bc1e4c55d317f88', '2018-07-05 00:18:37', 3600, 3, 1),
(193, 'agora_user_a87ff679a2f3', '50e5e3a35c58d819993172eb029398a0', '2018-07-05 00:19:50', 3600, 4, 1),
(194, 'agora_user_eccbc87e4b5c', '80dc41126638cc4ad3371911d6ef5b32', '2018-07-05 00:20:18', 3600, 3, 1),
(195, 'agora_user_c81e728d9d4c', '23b7a556ab801358ad68f2bbe4a74f0a', '2018-07-05 00:33:45', 3600, 2, 1),
(196, 'agora_user_a87ff679a2f3', 'aa126d53f07d159b24ecfec7e5030889', '2018-07-05 00:38:16', 3600, 4, 1),
(197, 'agora_user_c81e728d9d4c', '4cd6ea63ec5ab8b7bc198830ab4e82ae', '2018-07-08 12:22:30', 3600, 2, 1),
(198, 'agora_user_8f14e45fceea', 'f78e25418fad9a22719a0e572ea5a4bc', '2018-07-08 12:37:30', 3600, 7, 1),
(199, 'agora_user_c81e728d9d4c', '6d6c6c7e28e25b010374ef7e61854e2e', '2018-07-08 12:54:49', 3600, 2, 1),
(200, 'agora_user_c81e728d9d4c', '2b09840e414ab3c788f1d1082affe8a1', '2018-07-08 12:55:53', 3600, 2, 1),
(201, 'agora_user_c81e728d9d4c', '0cf63a9025180a2cadf66884a9f1372c', '2018-07-08 12:56:18', 3600, 2, 1),
(202, 'agora_user_e4da3b7fbbce', '6b9369cd498fa28789c29cbcb23c8741', '2018-07-08 12:57:08', 3600, 5, 1),
(203, 'agora_user_e4da3b7fbbce', 'd41b78cd467a981a26d9560ff5feacfe', '2018-07-08 12:59:18', 3600, 5, 1),
(204, 'agora_user_e4da3b7fbbce', 'c8f1b34563d863ebf4ef60b1c0b739b3', '2018-07-08 13:00:04', 3600, 5, 1),
(205, 'agora_user_e4da3b7fbbce', '87a439d7610f3482d92e5d4b66225d7a', '2018-07-08 13:00:54', 3600, 5, 1),
(206, 'agora_user_e4da3b7fbbce', 'b9898592302eae8969e379fce675d5c8', '2018-07-08 13:02:38', 3600, 5, 1),
(207, 'agora_user_e4da3b7fbbce', '27911b09e57d173a42ed16408bf55613', '2018-07-08 13:03:32', 3600, 5, 1),
(208, 'agora_user_e4da3b7fbbce', '09f91527dc3cb687f8db0157ceff2ddf', '2018-07-08 13:04:48', 3600, 5, 1),
(209, 'agora_user_a87ff679a2f3', '384ae9fa10bb9e1de3f7bee85c7bb897', '2018-07-08 13:08:55', 3600, 4, 1),
(210, 'agora_user_a87ff679a2f3', '69d5438636341fd191da61599ef39443', '2018-07-08 13:11:38', 3600, 4, 1),
(211, 'agora_user_a87ff679a2f3', '3881a5a321da02e0ca59f45b9e3907be', '2018-07-08 13:12:12', 3600, 4, 1),
(212, 'agora_user_a87ff679a2f3', 'ee84d0f1555eee132c0e88ca7f610ec6', '2018-07-08 13:12:54', 3600, 4, 1),
(213, 'agora_user_a87ff679a2f3', '26e1eede639e2132e2eb48fa4bd03511', '2018-07-08 13:13:13', 3600, 4, 1),
(214, 'agora_user_a87ff679a2f3', '410f32d1c4f66c01eef93426a730e9d7', '2018-07-08 13:18:23', 3600, 4, 1),
(215, 'agora_user_a87ff679a2f3', 'cbabc90b8480e265f10596ce0444ce75', '2018-07-08 13:19:25', 3600, 4, 1),
(216, 'agora_user_e4da3b7fbbce', '0fee67a73cd2d450bcbfd1dd3bcbb498', '2018-07-08 13:19:37', 3600, 5, 1),
(217, 'agora_user_c81e728d9d4c', 'd625ac1e7b96eea3652237cb0c30dddc', '2018-07-08 13:22:54', 3600, 2, 1),
(218, 'agora_user_e4da3b7fbbce', 'eefbfdcba63030d3da84ad20caca9ee6', '2018-07-08 13:23:18', 3600, 5, 1),
(219, 'agora_user_c4ca4238a0b9', 'df3b4d91bb8dfe4381a2902f8087385a', '2018-07-08 13:23:59', 3600, 1, 1),
(220, 'agora_user_a87ff679a2f3', '532c86cae026057c2552116457b1eb86', '2018-07-08 13:24:11', 3600, 4, 1),
(221, 'agora_user_c81e728d9d4c', '60c99b5632fa50bf6cbb73dccad1e6d8', '2018-07-08 13:50:28', 3600, 2, 1),
(222, 'agora_user_a87ff679a2f3', '59a14f780258a28de99ecf6a1e761c96', '2018-07-08 13:51:33', 3600, 4, 1),
(223, 'agora_user_c4ca4238a0b9', '014c4d488f4bd7a4c1bc28c04f795098', '2018-07-08 13:58:16', 3600, 1, 1),
(224, 'agora_user_a87ff679a2f3', '25226c49a8cbc7be91d88f5693afd08d', '2018-07-08 13:59:27', 3600, 4, 1),
(225, 'agora_user_c4ca4238a0b9', '21380053c67558327c433312e5319ba7', '2018-07-08 14:06:31', 3600, 1, 1),
(226, 'agora_user_a87ff679a2f3', 'a74f9583c22cfc5e2872a59e77c1963d', '2018-07-08 14:08:08', 3600, 4, 1),
(227, 'agora_user_c81e728d9d4c', '61aeef2c218c2dbcea4cc2e863a6fbfe', '2018-07-08 14:14:58', 3600, 2, 1),
(228, 'agora_user_c4ca4238a0b9', '228312dce3e660253d939549f9684aa2', '2018-07-08 14:15:14', 3600, 1, 1),
(229, 'agora_user_c81e728d9d4c', '6c4b4d23af19afa221461eba95dcd2e2', '2018-07-08 15:09:55', 3600, 2, 1),
(230, 'agora_user_a87ff679a2f3', '58c2f016db57099cce07e1c8f58dff4d', '2018-07-08 15:13:08', 3600, 4, 1),
(231, 'agora_user_c81e728d9d4c', 'fc2f8df07aa85fbb9486fd757788b507', '2018-07-08 15:23:39', 3600, 2, 1),
(232, 'agora_user_a87ff679a2f3', '73f890247dff9bca3ca03b0239e48701', '2018-07-08 15:23:56', 3600, 4, 1),
(233, 'agora_user_eccbc87e4b5c', '140f739662e8cbea6a7836140cea33b1', '2018-07-08 16:00:40', 3600, 3, 1),
(234, 'agora_user_c4ca4238a0b9', '526908113120e66a2f27f57dcc6998a6', '2018-07-08 16:40:03', 3600, 1, 1),
(235, 'agora_user_eccbc87e4b5c', '5fecb071031fb0af227bf5353e1ca42b', '2018-07-08 16:40:51', 3600, 3, 1),
(236, 'agora_user_c4ca4238a0b9', '8cadd10faf4138ca8a0d1db7f510c919', '2018-07-08 16:41:22', 3600, 1, 1),
(237, 'agora_user_a87ff679a2f3', '89b44b30927e727b2a8ea3c208c34295', '2018-07-08 16:42:22', 3600, 4, 1),
(238, 'agora_user_eccbc87e4b5c', '998f327d35ff279eeeb2b8d79242fa77', '2018-07-08 16:43:09', 3600, 3, 1),
(239, 'agora_user_a87ff679a2f3', 'bf2edb10d25fc20a663aa6eb6848e1d4', '2018-07-08 16:44:49', 3600, 4, 1),
(240, 'agora_user_eccbc87e4b5c', 'e3e77b1b1036a07e2db96f5fbc47e2be', '2018-07-08 16:46:18', 3600, 3, 1),
(241, 'agora_user_a87ff679a2f3', '33338b1d06ab448b7d0c2c0414b8b969', '2018-07-08 16:57:53', 3600, 4, 1),
(242, 'agora_user_eccbc87e4b5c', '9b66a8247d29b0eacab4b2af760bfd6d', '2018-07-08 16:59:16', 3600, 3, 1),
(243, 'agora_user_c4ca4238a0b9', 'f0ed9ff977d62b179a75179a57f37063', '2018-07-08 17:02:44', 3600, 1, 1),
(244, 'agora_user_45c48cce2e2d', '6ba8273b913e46f8e76a1852ffc3216f', '2018-07-08 03:18:52', 3600, 9, 1),
(245, 'agora_user_a87ff679a2f3', 'bcecf25611caa00a13b18eecd1194873', '2018-07-08 03:23:57', 3600, 4, 1),
(246, 'agora_user_a87ff679a2f3', '6be42338fe22bbe458ca13fdd2dee87f', '2018-07-08 05:28:10', 3600, 4, 1),
(247, 'agora_user_a87ff679a2f3', '927af68f717c4ddf740b37b3f93174ce', '2018-07-08 05:28:16', 3600, 4, 1),
(248, 'agora_user_c4ca4238a0b9', '36ca7b271d7a5d51137d665b97e7fe96', '2018-07-08 07:09:00', 3600, 1, 1),
(249, 'agora_user_d3d9446802a4', 'dbcab4f7877afcc3c27e08fdf8044be7', '2018-07-08 08:49:20', 3600, 10, 1),
(250, 'agora_user_a87ff679a2f3', '63fbf9754c36bc7924e6fff94d80b951', '2018-07-08 09:19:58', 3600, 4, 1),
(251, 'agora_user_c4ca4238a0b9', '21e276894a7246f556fe89a0944d27d3', '2018-07-08 23:48:38', 3600, 1, 1),
(252, 'agora_user_c4ca4238a0b9', 'bd8d60d3d52e137ce1487972abf42adc', '2018-07-08 23:49:01', 3600, 1, 1),
(253, 'agora_user_a87ff679a2f3', '6d48ca3687bd10f7f335c34977d21d95', '2018-07-09 01:10:07', 3600, 4, 1),
(254, 'agora_user_c81e728d9d4c', 'a1af4b0d686b6583f7a7f44d6cf5059d', '2018-07-09 01:17:10', 3600, 2, 1),
(255, 'agora_user_a87ff679a2f3', '6109ff24b947f994d6528e34bcd05fbc', '2018-07-09 04:22:49', 3600, 4, 1),
(256, 'agora_user_c81e728d9d4c', '7304efbab48b4e10fce2431edb84c94e', '2018-07-09 04:45:06', 3600, 2, 1),
(257, 'agora_user_a87ff679a2f3', 'c039df82bd39950de332c026e4a435db', '2018-07-09 04:49:17', 3600, 4, 1),
(258, 'agora_user_c4ca4238a0b9', '6f43dab8cfadc8422f882777406908cc', '2018-07-09 04:51:33', 3600, 1, 1),
(259, 'agora_user_eccbc87e4b5c', '905b8ef060391fd478e641c5de4a88a7', '2018-07-09 05:07:37', 3600, 3, 1),
(260, 'agora_user_a87ff679a2f3', 'fce1c3f14f6cc09692194b63662c5b86', '2018-07-09 06:30:23', 3600, 4, 1),
(261, 'agora_user_a87ff679a2f3', '73b0a3d2dab97497394f428bea8e1bc8', '2018-07-09 06:32:24', 3600, 4, 1),
(262, 'agora_user_a87ff679a2f3', '6f75e7744bc6947eaca175654dd38a50', '2018-07-09 06:44:53', 3600, 4, 1),
(263, 'agora_user_c9f0f895fb98', '5bd96a6b67340d4df22a33fe8da41111', '2018-07-09 07:00:25', 3600, 8, 1),
(264, 'agora_user_a87ff679a2f3', 'dc7143aacb34e9c8298d08a4ad006b37', '2018-07-09 07:10:13', 3600, 4, 1),
(265, 'agora_user_c81e728d9d4c', '0f95811f0d24e60e2076af6843515b72', '2018-07-09 07:12:51', 3600, 2, 1),
(266, 'agora_user_c81e728d9d4c', '20501c7f30e90e172882f34f276e7c6a', '2018-07-09 07:18:39', 3600, 2, 1),
(267, 'agora_user_a87ff679a2f3', 'c77fa5eedebe1715c095e30a01dfd718', '2018-07-09 07:19:19', 3600, 4, 1),
(268, 'agora_user_a87ff679a2f3', '53c54a1b0d834bab50f0f5325f0c049c', '2018-07-09 07:30:29', 3600, 4, 1),
(269, 'agora_user_6512bd43d9ca', '016a37eacc388319106418207c87bbee', '2018-07-09 08:25:37', 3600, 11, 1),
(270, 'agora_user_6512bd43d9ca', '036ac86bdde5f91a38d060292e250e9a', '2018-07-09 08:30:46', 3600, 11, 1),
(271, 'agora_user_c20ad4d76fe9', 'c6f16d9ce05d629c750f2f6222e3a4cb', '2018-07-09 09:30:35', 3600, 12, 1),
(272, 'agora_user_c51ce410c124', '28ab8162c0dbf9129734cf6ffff6e99b', '2018-07-10 03:18:23', 3600, 13, 1),
(273, 'agora_user_a87ff679a2f3', '5a881f3ca593561ada8607a9e466431a', '2018-07-10 20:05:18', 3600, 4, 1),
(274, 'agora_user_c81e728d9d4c', '6382fd635445b4fc08c3579bc564acd6', '2018-07-10 20:37:33', 3600, 2, 1),
(275, 'agora_user_a87ff679a2f3', '0cbbc99b621a7c116e797b00fc2d3807', '2018-07-10 22:24:09', 3600, 4, 1),
(276, 'agora_user_a87ff679a2f3', '330c12d7448afce1aeda53da491b743f', '2018-07-10 22:35:13', 3600, 4, 1),
(277, 'agora_user_a87ff679a2f3', '88c2c0f05eda843bd6f5c5aa83a4b475', '2018-07-11 20:20:11', 3600, 4, 1),
(278, 'agora_user_c81e728d9d4c', 'ec8d4fbb5f4b35a79c96570c8c3fa2c9', '2018-07-11 20:35:44', 3600, 2, 1),
(279, 'agora_user_c81e728d9d4c', '645588c6172a35aad4e1a5c09aedafd8', '2018-07-11 20:37:10', 3600, 2, 1),
(280, 'agora_user_a87ff679a2f3', '74f522bff0365e3926a6437a753c1b23', '2018-07-11 21:08:37', 3600, 4, 1),
(281, 'agora_user_c81e728d9d4c', '82a649501b80752422155ff7430dc917', '2018-07-11 21:10:14', 3600, 2, 1),
(282, 'agora_user_a87ff679a2f3', '61e158bb3aec20d6cf0c37645d518582', '2018-07-11 21:21:31', 3600, 4, 1),
(283, 'agora_user_c81e728d9d4c', 'e8ef2aa4884f1a7d913c66aebf79e78e', '2018-07-11 21:31:23', 3600, 2, 1),
(284, 'agora_user_c81e728d9d4c', 'c6f711040afb501f196b491274cbc8d3', '2018-07-11 23:27:38', 3600, 2, 1),
(285, 'agora_user_c81e728d9d4c', '0fede7d82116a1976a49839e961978f3', '2018-07-11 08:47:49', 3600, 2, 1),
(286, 'agora_user_c81e728d9d4c', '99512e08a6d7c7528d30260626e2d381', '2018-07-11 20:04:24', 3600, 2, 1),
(287, 'agora_user_a87ff679a2f3', '769e042b2935de918657436f447caa24', '2018-07-11 20:54:04', 3600, 4, 1),
(288, 'agora_user_c81e728d9d4c', '602c84c7bc0e3b22ddbcabbea37ec133', '2018-07-11 23:57:54', 3600, 2, 1),
(289, 'agora_user_a87ff679a2f3', 'ab460d2de80a6e7fb6fa70e1c93c2739', '2018-07-11 23:58:37', 3600, 4, 1),
(290, 'agora_user_c81e728d9d4c', '8136dc30a840e4c7afccb81525e583c8', '2018-07-12 00:12:05', 3600, 2, 1),
(291, 'agora_user_a87ff679a2f3', '18a69e0d69d3f5bcba70ccaffea3f4b3', '2018-07-12 00:28:42', 3600, 4, 1),
(292, 'agora_user_a87ff679a2f3', 'e899b1875a2b1b0a1f374136a70bba89', '2018-07-12 08:37:28', 3600, 4, 1),
(293, 'agora_user_eccbc87e4b5c', 'f6d5e7c8820642fdef69425d39cdf3f7', '2018-07-12 08:37:54', 3600, 3, 1),
(294, 'agora_user_a87ff679a2f3', '2c74f8f30330b6d46b2de797583b7eb2', '2018-07-13 01:31:52', 3600, 4, 1),
(295, 'agora_user_9bf31c7ff062', 'f4fa46af88fa656c992b75af1989e8b7', '2018-07-13 02:04:11', 3600, 15, 1),
(296, 'agora_user_a87ff679a2f3', '3a832d51789186c95d816ea9d5355888', '2018-07-13 02:53:16', 3600, 4, 1),
(297, 'agora_user_a87ff679a2f3', '5b9fb235c153ed801c80861c4d9b27a4', '2018-07-13 03:21:31', 3600, 4, 1),
(298, 'agora_user_c81e728d9d4c', '33a3034e08964e890382d55d44583e1d', '2018-07-13 03:22:32', 3600, 2, 1),
(299, 'agora_user_a87ff679a2f3', '40a34bc2a96f154dbdf5d1cef7d42552', '2018-07-13 03:23:14', 3600, 4, 1),
(300, 'agora_user_eccbc87e4b5c', '8f41776eeb1d5ad5f4446388d7a2bbfd', '2018-07-13 03:57:09', 3600, 3, 1),
(301, 'agora_user_a87ff679a2f3', 'd700f544dc3350cf3dc6119c73000eb5', '2018-07-13 03:57:29', 3600, 4, 1),
(302, 'agora_user_70efdf2ec9b0', 'c06263e07963dda29ecc80a151587c79', '2018-07-13 21:38:58', 3600, 17, 1),
(303, 'agora_user_98f137082101', '6e065f4eef08480ad1314c1e4ce3ad9a', '2018-07-13 21:51:08', 3600, 20, 1),
(304, 'agora_user_eccbc87e4b5c', '7e82b4ed113751f4729ef74c3c1186a2', '2018-07-13 21:56:45', 3600, 3, 1),
(305, 'agora_user_c81e728d9d4c', 'e65e6b7e42ade28b988907314ebddcc2', '2018-07-13 22:18:21', 3600, 2, 1),
(306, 'agora_user_eccbc87e4b5c', '7e8149100673e428931b64c811d7a920', '2018-07-13 22:19:36', 3600, 3, 1),
(307, 'agora_user_c81e728d9d4c', '90538ee4c688a076aad0ac6d0efe5cb9', '2018-07-13 22:28:06', 3600, 2, 1),
(308, 'agora_user_eccbc87e4b5c', 'af936648867dcb56f303017af3b70d7b', '2018-07-13 22:34:56', 3600, 3, 1),
(309, 'agora_user_c81e728d9d4c', '5e5033908d1b32495dabd5f142fa23c5', '2018-07-13 22:41:52', 3600, 2, 1),
(310, 'agora_user_a87ff679a2f3', '765da83e4cdc150112d6265ed537511d', '2018-07-13 22:44:17', 3600, 4, 1),
(311, 'agora_user_c81e728d9d4c', '3b8cad889d8739f7aa51214d85335351', '2018-07-13 22:44:31', 3600, 2, 1),
(312, 'agora_user_eccbc87e4b5c', 'a2e37fbec3cff3588639b58a3ec4e4d3', '2018-07-13 22:47:00', 3600, 3, 1),
(313, 'agora_user_c81e728d9d4c', '7d8a78293dce2b5f868db42df7066452', '2018-07-13 22:48:49', 3600, 2, 1),
(314, 'agora_user_eccbc87e4b5c', 'da54723aca22d98549014eb3147c9cc8', '2018-07-13 22:51:37', 3600, 3, 1),
(315, 'agora_user_eccbc87e4b5c', '6d39503c5c345dc3905dc236b7252729', '2018-07-14 01:49:30', 3600, 3, 1),
(316, 'agora_user_eccbc87e4b5c', '56849e211adaddfacc715a8b9dab787e', '2018-07-14 01:52:03', 3600, 3, 1),
(317, 'agora_user_eccbc87e4b5c', '8c09cbd4f935ea684b325b06145c9ea4', '2018-07-13 10:52:46', 3600, 3, 1),
(318, 'agora_user_98f137082101', '64b541713d3a63f98fb30b45a6b2a58a', '2018-07-13 11:02:50', 3600, 20, 1),
(319, 'agora_user_eccbc87e4b5c', 'efd34f8c42cd8b5ec7f4a9bc08a0cf9e', '2018-07-13 11:03:04', 3600, 3, 1),
(320, 'agora_user_a87ff679a2f3', '78704190fe0cdb2da24d92059344bafb', '2018-07-13 19:08:28', 3600, 4, 1),
(321, 'agora_user_a87ff679a2f3', 'a09f484bac7796d08300f7bab4e8b5fc', '2018-07-14 10:52:57', 3600, 4, 1),
(322, 'agora_user_eccbc87e4b5c', '5c6028f7546e49a54f6f8ef594666619', '2018-07-14 11:11:38', 3600, 3, 1),
(323, 'agora_user_c81e728d9d4c', '4fe8b9a95b3f0666a74d83dc5612994b', '2018-07-14 12:01:28', 3600, 2, 1),
(324, 'agora_user_98f137082101', 'f2640bf8cd327be8082bf66ea5d5aab9', '2018-07-14 12:02:24', 3600, 20, 1),
(325, 'agora_user_eccbc87e4b5c', '2aa9b2e99fe624fb5409480cc8751604', '2018-07-14 12:03:19', 3600, 3, 1),
(326, 'agora_user_eccbc87e4b5c', 'aef53e3c10db15982e140047342aa246', '2018-07-14 12:19:48', 3600, 3, 1),
(327, 'agora_user_98f137082101', '74a6835a9b82ec2c1bd20562614c5b66', '2018-07-14 12:23:54', 3600, 20, 1),
(328, 'agora_user_eccbc87e4b5c', 'bbb2a86cdccd75071af3099d74faa1ba', '2018-07-14 12:25:40', 3600, 3, 1),
(329, 'agora_user_a87ff679a2f3', '5ff6a4910de06440fe042584fc586ea1', '2018-07-14 13:48:27', 3600, 4, 1),
(330, 'agora_user_c81e728d9d4c', '0c269b1d467ddc4fddf43535dde093f7', '2018-07-14 18:31:49', 3600, 2, 1),
(331, 'agora_user_a87ff679a2f3', 'a779668bb78d5eabff0996271c77bcc0', '2018-07-14 18:34:20', 3600, 4, 1),
(332, 'agora_user_eccbc87e4b5c', 'a2e2b2e9222133a82dac5eda28ea6702', '2018-07-14 05:13:04', 3600, 3, 1),
(333, 'agora_user_c81e728d9d4c', '16201daf51b4f06389caf4e848a4c1d0', '2018-07-14 05:24:45', 3600, 2, 1),
(334, 'agora_user_a87ff679a2f3', '8f31313cade51b71676e72fddeddf5d5', '2018-07-14 05:26:20', 3600, 4, 1),
(335, 'agora_user_a87ff679a2f3', '74103d616627caae0f7b5e3fe37e1bea', '2018-07-14 06:03:51', 3600, 4, 1),
(336, 'agora_user_a87ff679a2f3', '9fb3f0e12b4091e5a84ea20169c61ca6', '2018-07-14 06:41:18', 3600, 4, 1),
(337, 'agora_user_a87ff679a2f3', '7426c096d56bfeaa0b78f27bbdb7c18d', '2018-07-14 06:56:57', 3600, 4, 1),
(338, 'agora_user_eccbc87e4b5c', '776a60a6d9d107c6716eeb1192188421', '2018-07-14 10:05:14', 3600, 3, 1),
(339, 'agora_user_98f137082101', 'd9e92cf1b1ede440f31a1601afd2085b', '2018-07-15 10:38:54', 3600, 20, 1),
(340, 'agora_user_c20ad4d76fe9', 'e27af947fbc0c835d610a555bffda0d2', '2018-07-15 11:16:25', 3600, 12, 1),
(341, 'agora_user_c20ad4d76fe9', '8dd0bad02c3f7ce777048a196cd9dcb4', '2018-07-15 11:30:47', 3600, 12, 1),
(342, 'agora_user_c81e728d9d4c', 'd0d04745df7f807380193dd283d96f16', '2018-07-15 13:48:52', 3600, 2, 1),
(343, 'agora_user_1f0e3dad9990', '36a5a427ab412380d915b6eb5f04244c', '2018-07-15 17:18:28', 3600, 19, 1),
(344, 'agora_user_98f137082101', '98b5cfeef0ede22b49b6ecaf047e5345', '2018-07-15 17:21:52', 3600, 20, 1),
(345, 'agora_user_3c59dc048e88', '54c52260c87b1239b9bd6cd6546c921b', '2018-07-15 17:23:07', 3600, 21, 1),
(346, 'agora_user_3c59dc048e88', '679133a2a6efcce9d8b044c5dcf91f54', '2018-07-15 17:33:11', 3600, 21, 1),
(347, 'agora_user_3c59dc048e88', '177ad4e945041e72b06266005b184a06', '2018-07-15 17:34:48', 3600, 21, 1),
(348, 'agora_user_3c59dc048e88', 'b7acb5a37d13433b8603373d9b09c537', '2018-07-15 17:36:17', 3600, 21, 1),
(349, 'agora_user_3c59dc048e88', 'dd34b10067db79e521e25cb60e620456', '2018-07-15 17:38:46', 3600, 21, 1),
(350, 'agora_user_3c59dc048e88', 'f6290912333821a4c22c833b289c0fd0', '2018-07-15 17:41:27', 3600, 21, 1),
(351, 'agora_user_c81e728d9d4c', 'a03cdb2b1253de63357618059d93fc5a', '2018-07-15 17:41:59', 3600, 2, 1),
(352, 'agora_user_a87ff679a2f3', 'ead18ce780a760fb42a94d0f11287eb9', '2018-07-15 17:48:06', 3600, 4, 1),
(353, 'agora_user_c81e728d9d4c', '53232e7d395db8d9aa79d1663b2bd85c', '2018-07-15 19:59:37', 3600, 2, 1),
(354, 'agora_user_a87ff679a2f3', '2f31854a2126038a474f0764a8aa82a8', '2018-07-15 20:22:06', 3600, 4, 1),
(355, 'agora_user_c81e728d9d4c', 'fcef0bdc62c8f94cb51ccb442ec8bb19', '2018-07-15 20:34:41', 3600, 2, 1),
(356, 'agora_user_a87ff679a2f3', 'f6cbd1a77387a61a73934baf9d96e0da', '2018-07-15 20:59:05', 3600, 4, 1),
(357, 'agora_user_c81e728d9d4c', '3c0e1ace7ebe0017cb66f517c38b80f5', '2018-07-15 21:38:36', 3600, 2, 1),
(358, 'agora_user_a87ff679a2f3', 'f0ea74ec5e8cd4e4331dc6d1d75ecee6', '2018-07-15 21:53:33', 3600, 4, 1),
(359, 'agora_user_d41d8cd98f00', '2c34d10529be16fe0895417cab5a8d42', '2018-07-21 13:53:14', 3600, NULL, 1),
(360, 'agora_user_37693cfc7480', '5a40689637d0bf537229f6474f27cdfa', '2018-07-21 13:55:34', 3600, 23, 1),
(361, 'agora_user_37693cfc7480', '1a5871122bd7b2ee2ce45247d0403ea6', '2018-07-21 14:01:49', 3600, 23, 1),
(362, 'agora_user_37693cfc7480', '650853e6f111921d376d4bc10f646ff3', '2018-07-21 14:14:06', 3600, 23, 1),
(363, 'agora_user_c81e728d9d4c', '666a5b25edee38f7eea92be05ac6a32f', '2018-07-21 14:16:13', 3600, 2, 1),
(364, 'agora_user_37693cfc7480', '4f8f9ba66447b0054087792496c8f5b0', '2018-07-21 14:16:38', 3600, 23, 1),
(365, 'agora_user_37693cfc7480', '23476c816246fb9917f3b62c644d05a2', '2018-07-21 14:17:22', 3600, 23, 1),
(366, 'agora_user_37693cfc7480', 'ef7361afc011f8111e07c1f93e8afb11', '2018-07-21 14:22:10', 3600, 23, 1),
(367, 'agora_user_37693cfc7480', 'db2c21235d57a28fbe95635590c8cd54', '2018-07-21 14:23:35', 3600, 23, 1),
(368, 'agora_user_37693cfc7480', '15cb3617d01a3d9300d551a5c5488c30', '2018-07-21 14:28:47', 3600, 23, 1),
(369, 'agora_user_37693cfc7480', '74d92753bf5b366fb7f508e850b4a0c3', '2018-07-21 14:30:42', 3600, 23, 1),
(370, 'agora_user_37693cfc7480', 'a8143e60191cf6b20cf74727e67ae140', '2018-07-21 14:37:44', 3600, 23, 1),
(371, 'agora_user_a87ff679a2f3', '56a96346db1fb997f997a045130a6bb8', '2018-07-21 14:54:11', 3600, 4, 1),
(372, 'agora_user_c81e728d9d4c', '8fca7ee360affd92adee2f5d47ce988b', '2018-07-21 14:54:41', 3600, 2, 1),
(373, 'agora_user_a87ff679a2f3', 'b80994fab465482e9ba7f0bbe2179cab', '2018-07-21 14:55:28', 3600, 4, 1),
(374, 'agora_user_c81e728d9d4c', '347e7542baf9775746f479b2d28d8c7d', '2018-07-21 14:55:40', 3600, 2, 1),
(375, 'agora_user_a87ff679a2f3', '8729ddb4d405fff06fbb870f2bd9dd1d', '2018-07-21 14:55:59', 3600, 4, 1),
(376, 'agora_user_37693cfc7480', 'c8ec618d70918f840f9b63accace0fbe', '2018-07-21 15:48:18', 3600, 23, 1),
(377, 'agora_user_a87ff679a2f3', '434e64f57c6f6853049d412679e44bf1', '2018-07-21 16:08:24', 3600, 4, 1),
(378, 'agora_user_a87ff679a2f3', '52a14344976cc733c978100f38689459', '2018-07-21 17:12:55', 3600, 4, 1),
(379, 'agora_user_c81e728d9d4c', 'a091dcc209c3c5a10c470462579d10b2', '2018-07-21 18:51:56', 3600, 2, 1),
(380, 'agora_user_a87ff679a2f3', '9aea99453c999959b9aa120e13049d9b', '2018-07-21 19:21:28', 3600, 4, 1),
(381, 'agora_user_eccbc87e4b5c', '513219e4d087bd481c2396c4bda2bfb1', '2018-07-21 19:22:05', 3600, 3, 1),
(382, 'agora_user_a87ff679a2f3', '919eb9aa36487070b6d66527dbf59f1d', '2018-07-21 19:51:02', 3600, 4, 1),
(383, 'agora_user_c81e728d9d4c', '916f25b41772e87645c4169c7f802c27', '2018-07-21 19:51:22', 3600, 2, 1),
(384, 'agora_user_a87ff679a2f3', '6abfdd2dd0e994170ee1808f00b9e0d8', '2018-07-21 19:53:21', 3600, 4, 1),
(385, 'agora_user_c81e728d9d4c', '737588e7ac4024c22683c1d4271bdcb8', '2018-07-21 19:54:49', 3600, 2, 1),
(386, 'agora_user_a87ff679a2f3', '542f0f4b9312f5398fda96891c168e85', '2018-07-21 07:03:55', 3600, 4, 1),
(387, 'agora_user_37693cfc7480', '9f19499caaf79db0405124bb741de13c', '2018-07-21 07:18:36', 3600, 23, 1),
(388, 'agora_user_a87ff679a2f3', '5621a8030721ec71eeda0d6e0beca8c9', '2018-07-21 22:30:45', 3600, 4, 1),
(389, 'agora_user_c81e728d9d4c', 'ef6796f2c367940c78e55f9fbb661555', '2018-07-21 22:38:05', 3600, 2, 1),
(390, 'agora_user_a87ff679a2f3', '8317c705e9e4167df856163060628334', '2018-07-21 23:52:19', 3600, 4, 1),
(391, 'agora_user_c9f0f895fb98', '2bba47829ef6b854e3a4baf145b04225', '2018-07-22 01:43:14', 3600, 8, 1),
(392, 'agora_user_a87ff679a2f3', 'a20c3f5eca33044e0bd60d9e648c1ac7', '2018-07-22 02:38:25', 3600, 4, 1),
(393, 'agora_user_1ff1de774005', 'f52f0eb30f899e14cb4d05f0b67386b0', '2018-07-22 03:18:27', 3600, 24, 1),
(394, 'agora_user_8e296a067a37', '6672f0a798b65b30f8fea0eba627c8d3', '2018-07-22 03:32:43', 3600, 25, 1),
(395, 'agora_user_c9f0f895fb98', '94edd27c40e265306f522c50f11ff740', '2018-07-22 06:26:50', 3600, 8, 1),
(396, 'agora_user_c9f0f895fb98', 'bdb8c538766c0f8a7293e1b48d782194', '2018-07-22 06:29:40', 3600, 8, 1),
(397, 'agora_user_a87ff679a2f3', 'c0cd556e61b0309b06cfec3615d0c842', '2018-07-22 06:51:46', 3600, 4, 1),
(398, 'agora_user_eccbc87e4b5c', '4c3d8eafa23bad1145c83bb02f4e7219', '2018-07-22 07:29:13', 3600, 3, 1),
(399, 'agora_user_a87ff679a2f3', 'f4a117b6f56950dd52570c37970ad730', '2018-07-22 18:23:55', 3600, 4, 1),
(400, 'agora_user_4e732ced3463', '6c25257c9a79a413368ea6b6154e06c3', '2018-07-22 18:51:53', 3600, 26, 1),
(401, 'agora_user_c81e728d9d4c', '8c04a28899d2643b9c67b55d3ddad11c', '2018-07-22 19:29:37', 3600, 2, 1),
(402, 'agora_user_eccbc87e4b5c', 'f95c6be39ca76de198f82f92292a4277', '2018-07-22 19:31:59', 3600, 3, 1),
(403, 'agora_user_a87ff679a2f3', '0c527458b05a0522aad725ed44652d8b', '2018-07-22 21:46:37', 3600, 4, 1),
(404, 'agora_user_c81e728d9d4c', '240cdf92b4b3b9ba74271dfaaf095722', '2018-07-23 04:52:12', 3600, 2, 1),
(405, 'agora_user_a87ff679a2f3', 'ebac1a43360c379a73910f748fc78f0b', '2018-07-24 08:37:49', 3600, 4, 1),
(406, 'agora_user_eccbc87e4b5c', '9b07408ba49a307a18f4afc31e69875d', '2018-07-24 08:38:56', 3600, 3, 1),
(407, 'agora_user_a87ff679a2f3', 'cac403fad53f6d60a60074cbd8225b54', '2018-07-24 08:39:22', 3600, 4, 1),
(408, 'agora_user_eccbc87e4b5c', 'c3461610ad21dd518ea6cfbc21994ca9', '2018-07-24 08:39:51', 3600, 3, 1),
(409, 'agora_user_c81e728d9d4c', 'c893970e09b678aaf0423e79b5d7a97c', '2018-07-24 08:41:39', 3600, 2, 1),
(410, 'agora_user_a87ff679a2f3', '2dc8cb19047e12faa04715663fd95d98', '2018-07-24 08:56:33', 3600, 4, 1),
(411, 'agora_user_c81e728d9d4c', 'c8f53cb7bf146113010edb5ea62dddae', '2018-07-24 08:57:44', 3600, 2, 1),
(412, 'agora_user_c81e728d9d4c', 'e5ea81a71dd29db659a4486114c5207e', '2018-07-24 10:31:17', 3600, 2, 1),
(413, 'agora_user_a87ff679a2f3', '7d13ba9e1e1fb0b0f3afd40716addd58', '2018-07-26 08:56:25', 3600, 4, 1),
(414, 'agora_user_a87ff679a2f3', 'dd84914de00a17775d06c86918758463', '2018-07-28 10:46:32', 3600, 4, 1),
(415, 'agora_user_c81e728d9d4c', '2d6e7570c8854fd43510adc6456ddce3', '2018-07-29 14:51:32', 3600, 2, 1),
(416, 'agora_user_a87ff679a2f3', 'e7a2920f631dbe4314d6bf0840222025', '2018-07-29 14:56:39', 3600, 4, 1),
(417, 'agora_user_a87ff679a2f3', 'd8999c0f0ec8512fef5a4ad94310980d', '2018-07-29 16:15:37', 3600, 4, 1),
(418, 'agora_user_a87ff679a2f3', 'd464c5f4764792cf217ba609871fe8de', '2018-07-29 02:36:29', 3600, 4, 1),
(419, 'agora_user_a87ff679a2f3', '894b96b6dca4747e8c1f37079e6b2f36', '2018-07-29 22:41:07', 3600, 4, 1),
(420, 'agora_user_c81e728d9d4c', 'f06c777771f59beb65cee7d864bfbf35', '2018-07-30 04:53:51', 3600, 2, 1),
(421, 'agora_user_a87ff679a2f3', 'd3ae0a2b4f5a62f481cac896b2e9b75a', '2018-07-30 05:54:23', 3600, 4, 1),
(422, 'agora_user_a87ff679a2f3', '7dd378391c0dda32d60a89405a3c19b7', '2018-07-30 05:56:29', 3600, 4, 1),
(423, 'agora_user_c81e728d9d4c', '1fa33a25d0c5c3b848ac3596195051bd', '2018-07-30 05:56:45', 3600, 2, 1),
(424, 'agora_user_a87ff679a2f3', '6e02215128325a88427b03b9a590b0de', '2018-07-30 18:42:24', 3600, 4, 1),
(425, 'agora_user_a87ff679a2f3', '349c192cd66feea4a939fd586ca8d5e7', '2018-07-30 19:06:56', 3600, 4, 1),
(426, 'agora_user_a87ff679a2f3', 'b3621a076f1d54f2cd38de879a7d142e', '2018-07-31 07:38:32', 3600, 4, 1),
(427, 'agora_user_c81e728d9d4c', 'c9f307151135d94575853646ed832be2', '2018-07-31 07:41:39', 3600, 2, 1),
(428, 'agora_user_02e74f10e032', '98fc9d230980bfe351dc415fd4b31303', '2018-08-02 04:19:10', 3600, 27, 1),
(429, 'agora_user_c9f0f895fb98', 'af6f40e0d449d701e9d8333166065e59', '2018-08-02 04:41:12', 3600, 8, 1),
(430, 'agora_user_a87ff679a2f3', '3852545fcac0898035c4c00171408618', '2018-08-02 04:58:13', 3600, 4, 1),
(431, 'agora_user_a87ff679a2f3', 'd573afa1d8bd6fe04aa3a333362cb22b', '2018-08-02 05:00:09', 3600, 4, 1),
(432, 'agora_user_a87ff679a2f3', 'dd6f39362227abc5ace4fe800c077058', '2018-08-02 05:02:43', 3600, 4, 1),
(433, 'agora_user_c81e728d9d4c', 'c14a23b27bb569909daeb124663137c4', '2018-08-02 05:07:15', 3600, 2, 1),
(434, 'agora_user_a87ff679a2f3', '906a083bf0544f22f2828ef6eb4ef3d4', '2018-08-02 06:28:30', 3600, 4, 1),
(435, 'agora_user_c81e728d9d4c', 'dbdb0e5d993c555ea4c056d524d94521', '2018-08-02 07:08:35', 3600, 2, 1),
(436, 'agora_user_a87ff679a2f3', 'd76beaa9763919cc671d5da02e93940b', '2018-08-02 07:09:58', 3600, 4, 1),
(437, 'agora_user_c81e728d9d4c', 'cfd21517d89f4e807da297b3bffef4f2', '2018-08-02 07:35:47', 3600, 2, 1),
(438, 'agora_user_a87ff679a2f3', '8bda6d653150c6dd6a23360c99b1dcc8', '2018-08-02 07:37:13', 3600, 4, 1),
(439, 'agora_user_33e75ff09dd6', '95afc3702e16b714ef8663dd57f36d4f', '2018-08-02 08:22:16', 3600, 28, 1),
(440, 'agora_user_a87ff679a2f3', 'c1f462400f332d86aa710c5cc9342fbf', '2018-08-03 16:02:03', 3600, 4, 1),
(441, 'agora_user_c81e728d9d4c', '052772da4bd5932d80a204de58bcc855', '2018-08-05 10:11:00', 3600, 2, 1),
(442, 'agora_user_a87ff679a2f3', '4ff88ab4109fcace71621866ae46f12d', '2018-08-05 12:11:55', 3600, 4, 1),
(443, 'agora_user_c81e728d9d4c', '3b643f0857d0c62e52e341ddb4bdb084', '2018-08-05 12:25:58', 3600, 2, 1),
(444, 'agora_user_c81e728d9d4c', 'f6b1c2e747542ee0da90b5a5855b6cd6', '2018-08-04 00:54:05', 3600, 2, 1),
(445, 'agora_user_a87ff679a2f3', '3a8223abe609f4c8ebb649f2792e91ab', '2018-08-04 04:42:56', 3600, 4, 1),
(446, 'agora_user_a87ff679a2f3', 'e51e4b1deec73302315233160c9bb53f', '2018-08-04 05:50:51', 3600, 4, 1),
(447, 'agora_user_c81e728d9d4c', '6422f4d6f317b7c59baeec08b8bc0c08', '2018-08-04 08:49:55', 3600, 2, 1),
(448, 'agora_user_a87ff679a2f3', 'e6996e2713960af6b3915990e23101a2', '2018-08-04 09:42:11', 3600, 4, 1),
(449, 'agora_user_a87ff679a2f3', 'd51afde523acbce20a513f914b263782', '2018-08-05 01:27:31', 3600, 4, 1),
(450, 'agora_user_a87ff679a2f3', '306c34d20ca65bd6c4872b8164d8bbb6', '2018-08-05 20:26:29', 3600, 4, 1),
(451, 'agora_user_a87ff679a2f3', '3c5f8df15331e5e4a56e9566926e6fd9', '2018-08-06 06:39:27', 3600, 4, 1),
(452, 'agora_user_a87ff679a2f3', '8174ba93816c1aeeba116e45e8ff692c', '2018-08-06 19:15:53', 3600, 4, 1),
(453, 'agora_user_a87ff679a2f3', '1838b1d63fd234c38ffc83311547d131', '2018-08-06 23:02:11', 3600, 4, 1),
(454, 'agora_user_c81e728d9d4c', '5a3756234d748800716a45ae65bf26bc', '2018-08-07 00:34:31', 3600, 2, 1),
(455, 'agora_user_c4ca4238a0b9', '2cb38d7223c17456e4ab12e297f97a9d', '2018-08-07 00:55:41', 3600, 1, 1),
(456, 'agora_user_c4ca4238a0b9', 'a86fa4fdf8a58954b32a49fa540c12ef', '2018-08-07 00:56:41', 3600, 1, 1),
(457, 'agora_user_c81e728d9d4c', 'e1de56570fb0470df0eb3b1bd99bc6b5', '2018-08-07 01:14:21', 3600, 2, 1),
(458, 'agora_user_a87ff679a2f3', '82210f6fad2b2a37f329eeeeaf74f2bb', '2018-08-07 01:44:13', 3600, 4, 1),
(459, 'agora_user_c81e728d9d4c', '0fbfd83b340f6c5316160aaa360d9c4e', '2018-08-07 02:15:44', 3600, 2, 1),
(460, 'agora_user_c4ca4238a0b9', 'dc48802a9ade6c4780f426e74dfd5b5c', '2018-08-07 02:17:11', 3600, 1, 1),
(461, 'agora_user_6f4922f45568', '2953a765846b48b019da6169ae41d898', '2018-08-07 02:18:10', 3600, 18, 1),
(462, 'agora_user_1f0e3dad9990', '5728d56b1b19c7e51d20dd5c2df57866', '2018-08-07 02:19:00', 3600, 19, 1),
(463, 'agora_user_1f0e3dad9990', '801f0eb66836204ab9c746b95bcb4267', '2018-08-07 02:20:11', 3600, 19, 1),
(464, 'agora_user_98f137082101', '9f01da50ad4c00ca4189136769bf0f79', '2018-08-07 02:21:20', 3600, 20, 1),
(465, 'agora_user_6f4922f45568', '9ca48b3c28236971c99d53bfbe041511', '2018-08-07 02:21:47', 3600, 18, 1),
(466, 'agora_user_6ea9ab1baa0e', 'c86f256321ead769cc99d321d4012c19', '2018-08-07 02:23:52', 3600, 29, 1),
(467, 'agora_user_6ea9ab1baa0e', '719a707c62d3b39f2650889bd76c40ec', '2018-08-07 02:24:52', 3600, 29, 1),
(468, 'agora_user_6ea9ab1baa0e', '5ccf7b2f69517cbc23770666493ab024', '2018-08-07 02:26:05', 3600, 29, 1),
(469, 'agora_user_c81e728d9d4c', '9f33783ba9d0c9dfec4685d1565f1454', '2018-08-07 04:39:32', 3600, 2, 1),
(470, 'agora_user_a87ff679a2f3', '323ff947d15031126309fa4986c19bb8', '2018-08-07 05:17:14', 3600, 4, 1),
(471, 'agora_user_a87ff679a2f3', 'a84cc644f2415b8c7dfd5b5415d72524', '2018-08-08 01:22:24', 3600, 4, 1),
(472, 'agora_user_a87ff679a2f3', 'cd0730797ca711c9fb9fd2121eaa1e39', '2018-08-08 01:26:23', 3600, 4, 1),
(473, 'agora_user_a87ff679a2f3', 'be79d9a53463154047034319a817ba1a', '2018-08-08 01:35:18', 3600, 4, 1);

-- --------------------------------------------------------

--
-- Table structure for table `tbl_subscription`
--

CREATE TABLE `tbl_subscription` (
  `subscription_id` int(11) NOT NULL,
  `user_id` int(11) NOT NULL,
  `user_subscription_id` varchar(100) NOT NULL,
  `status` smallint(6) NOT NULL DEFAULT 1,
  `subscription_date` datetime NOT NULL DEFAULT current_timestamp(),
  `cancelled_date` datetime NOT NULL
) ENGINE=InnoDB DEFAULT CHARSET=latin1;

--
-- Dumping data for table `tbl_subscription`
--

INSERT INTO `tbl_subscription` (`subscription_id`, `user_id`, `user_subscription_id`, `status`, `subscription_date`, `cancelled_date`) VALUES
(2, 2, 'ddycww', 1, '2018-05-12 20:37:00', '0000-00-00 00:00:00'),
(3, 2, '8wfv2w', 1, '2018-05-12 21:02:48', '0000-00-00 00:00:00'),
(4, 2, 'c5jgj2', 1, '2018-05-13 00:42:21', '0000-00-00 00:00:00'),
(5, 1, '3r8cvr', 1, '2018-07-08 23:49:33', '0000-00-00 00:00:00'),
(6, 12, 'b64dv6', 0, '2018-07-09 09:33:05', '2018-07-15 11:16:41'),
(7, 15, '8j5r3g', 1, '2018-07-13 02:35:29', '0000-00-00 00:00:00'),
(8, 20, '2xgnvr', 0, '2018-07-13 21:51:59', '0000-00-00 00:00:00'),
(9, 2, 'd8gw3g', 1, '2018-07-14 06:31:51', '0000-00-00 00:00:00'),
(10, 12, 'g832bb', 0, '2018-07-15 11:32:26', '2018-07-15 12:09:02'),
(11, 12, '43zvp2', 0, '2018-07-15 12:19:42', '2018-07-15 12:23:29'),
(12, 12, '4btxjm', 1, '2018-07-15 12:24:17', '0000-00-00 00:00:00'),
(13, 21, 'gtt9ww', 0, '2018-07-15 17:25:31', '2018-07-15 17:26:04'),
(14, 21, 'dbvvp2', 0, '2018-07-15 17:35:25', '2018-07-15 17:35:49'),
(15, 28, '8cttxg', 1, '2018-08-02 08:31:48', '0000-00-00 00:00:00');

-- --------------------------------------------------------

--
-- Table structure for table `tbl_subscription_trials`
--

CREATE TABLE `tbl_subscription_trials` (
  `subscription_trial_id` int(11) NOT NULL,
  `user_id` int(11) NOT NULL,
  `trial_date_start` datetime NOT NULL DEFAULT current_timestamp()
) ENGINE=InnoDB DEFAULT CHARSET=latin1;

--
-- Dumping data for table `tbl_subscription_trials`
--

INSERT INTO `tbl_subscription_trials` (`subscription_trial_id`, `user_id`, `trial_date_start`) VALUES
(3, 2, '2018-05-13 00:34:28'),
(4, 2, '2018-05-13 00:34:38'),
(5, 3, '2018-05-17 21:17:31'),
(6, 5, '2018-06-05 22:34:54'),
(7, 17, '2018-07-13 21:45:35'),
(8, 27, '2018-08-02 04:22:05');

-- --------------------------------------------------------

--
-- Table structure for table `tbl_transaction`
--

CREATE TABLE `tbl_transaction` (
  `trans_id` int(11) NOT NULL,
  `user_id` int(11) NOT NULL,
  `membership_plan_id` int(11) NOT NULL,
  `subscription_id` varchar(100) NOT NULL,
  `transaction_id` varchar(100) NOT NULL,
  `user_payment_id` varchar(100) NOT NULL,
  `transaction_date` datetime NOT NULL DEFAULT current_timestamp()
) ENGINE=InnoDB DEFAULT CHARSET=latin1;

--
-- Dumping data for table `tbl_transaction`
--

INSERT INTO `tbl_transaction` (`trans_id`, `user_id`, `membership_plan_id`, `subscription_id`, `transaction_id`, `user_payment_id`, `transaction_date`) VALUES
(1, 2, 2, 'ddycww', 'bk61v8xa', '872121981', '2018-05-12 20:37:00'),
(2, 2, 2, '8wfv2w', '8aqetyv4', '518210836', '2018-05-12 21:02:48'),
(3, 2, 2, 'c5jgj2', '2fhjwah4', '552402883', '2018-05-13 00:42:21'),
(4, 1, 0, '3r8cvr', 'bmdawxtk', '205013434', '2018-07-08 23:49:33'),
(5, 12, 0, 'b64dv6', '6hgx5dwb', '211139299', '2018-07-09 09:33:05'),
(6, 15, 2, '8j5r3g', '79je9gnh', '101006823', '2018-07-13 02:35:29'),
(7, 20, 2, '2xgnvr', 'eeyfja5k', '647872799', '2018-07-13 21:52:00'),
(8, 2, 2, 'd8gw3g', 'mpepqkta', '519571966', '2018-07-14 06:31:51'),
(9, 12, 0, 'g832bb', 'p5gwdntb', '430120996', '2018-07-15 11:32:26'),
(10, 12, 2, '43zvp2', 'er9tmtbc', '813647173', '2018-07-15 12:19:42'),
(11, 12, 0, '4btxjm', 'kqr69pkm', '811181071', '2018-07-15 12:24:17'),
(12, 21, 2, 'gtt9ww', '10dye3fj', '572364396', '2018-07-15 17:25:31'),
(13, 21, 0, 'dbvvp2', 'gv38rs17', '137357523', '2018-07-15 17:35:26'),
(14, 28, 2, '8cttxg', '8n4pmtkp', '886631666', '2018-08-02 08:31:48');

-- --------------------------------------------------------

--
-- Table structure for table `tbl_trans_question`
--

CREATE TABLE `tbl_trans_question` (
  `trans_question_id` int(11) NOT NULL,
  `trans_question_title` varchar(255) COLLATE utf8mb4_unicode_ci DEFAULT NULL,
  `trans_question_description` text COLLATE utf8mb4_unicode_ci NOT NULL,
  `trans_country_id` int(11) NOT NULL,
  `question_id` int(11) NOT NULL,
  `date_added` datetime NOT NULL DEFAULT current_timestamp()
) ENGINE=InnoDB DEFAULT CHARSET=utf8mb4 COLLATE=utf8mb4_unicode_ci;

--
-- Dumping data for table `tbl_trans_question`
--

INSERT INTO `tbl_trans_question` (`trans_question_id`, `trans_question_title`, `trans_question_description`, `trans_country_id`, `question_id`, `date_added`) VALUES
(12, '数学', 'テストコメント １＋２＋３', 112, 11, '2018-06-22 09:43:30'),
(13, 'test', 'test', 1, 35, '2018-06-23 00:16:28'),
(14, ' 彼女の', '1 + 2 + 3', 112, 35, '2018-06-23 00:43:38'),
(15, ' dsfds', 'cxvxcvcx', 18, 35, '2018-06-23 00:47:34'),
(16, 'xdsf', 'sfsdf', 18, 35, '2018-06-23 00:48:47'),
(19, 'asd', 'asdsad', 1, 35, '2018-06-23 00:50:44'),
(21, 'sad', 'sadad', 103, 35, '2018-06-23 00:52:37'),
(24, 'JP', 'JP 10-6', 112, 27, '2018-06-23 01:35:40'),
(25, 'JP', 'JP 1-3', 112, 28, '2018-06-23 01:36:30'),
(26, 'JP', 'JP - 50-2', 112, 29, '2018-06-23 01:37:40'),
(27, 'Tagalog', 'Sampu bawas anim', 174, 27, '2018-06-23 02:08:41'),
(28, 'FIL', 'Isa bawas tatlo', 174, 28, '2018-06-23 02:43:20'),
(29, 'Fil', 'Limampu bawas lima', 174, 29, '2018-06-23 02:44:12'),
(32, 'test', 'testupdate', 12, 206, '2018-07-21 14:58:16'),
(35, 'test', 'test bengali', 19, 206, '2018-07-21 15:15:25'),
(37, 'test', 'test', 12, 201, '2018-07-21 16:35:47');

-- --------------------------------------------------------

--
-- Table structure for table `tbl_trans_question_answers`
--

CREATE TABLE `tbl_trans_question_answers` (
  `trans_question_answers_id` int(11) NOT NULL,
  `trans_question_id` int(11) NOT NULL,
  `question_choice` text COLLATE utf8mb4_unicode_ci DEFAULT NULL,
  `date_added` datetime NOT NULL DEFAULT current_timestamp()
) ENGINE=InnoDB DEFAULT CHARSET=utf8mb4 COLLATE=utf8mb4_unicode_ci;

--
-- Dumping data for table `tbl_trans_question_answers`
--

INSERT INTO `tbl_trans_question_answers` (`trans_question_answers_id`, `trans_question_id`, `question_choice`, `date_added`) VALUES
(9, 12, 'a:4:{i:0;s:1:\"6\";i:1;s:1:\"5\";i:2;s:1:\"2\";i:3;s:1:\"3\";}', '2018-06-22 09:43:30'),
(10, 13, 'a:4:{i:0;s:1:\"1\";i:1;s:1:\"2\";i:2;s:1:\"3\";i:3;s:1:\"4\";}', '2018-06-23 00:16:28'),
(11, 14, 'a:4:{i:0;s:9:\"1 + 2 + 3\";i:1;s:9:\"1 + 2 + 3\";i:2;s:9:\"1 + 2 + 3\";i:3;s:9:\"1 + 2 + 3\";}', '2018-06-23 00:43:38'),
(12, 15, 'a:4:{i:0;s:2:\"cx\";i:1;s:3:\"dsf\";i:2;s:3:\"cxv\";i:3;s:3:\"cxv\";}', '2018-06-23 00:47:34'),
(13, 16, 'a:4:{i:0;s:3:\"sdf\";i:1;s:4:\"dsfs\";i:2;s:3:\"sdf\";i:3;s:4:\"sdfs\";}', '2018-06-23 00:48:47'),
(14, 17, 'a:4:{i:0;s:4:\"dsad\";i:1;s:5:\"asdas\";i:2;s:4:\"dasd\";i:3;s:3:\"sad\";}', '2018-06-23 00:49:23'),
(15, 18, 'a:4:{i:0;s:4:\"dsad\";i:1;s:5:\"asdas\";i:2;s:4:\"dasd\";i:3;s:3:\"sad\";}', '2018-06-23 00:49:37'),
(16, 19, 'a:4:{i:0;s:3:\"asd\";i:1;s:3:\"asd\";i:2;s:3:\"asd\";i:3;s:5:\"asdsa\";}', '2018-06-23 00:50:44'),
(17, 20, 'a:4:{i:0;s:3:\"ada\";i:1;s:4:\"asda\";i:2;s:4:\"sdad\";i:3;s:3:\"ada\";}', '2018-06-23 00:52:10'),
(18, 21, 'a:4:{i:0;s:4:\"adad\";i:1;s:5:\"asdas\";i:2;s:5:\"dasda\";i:3;s:6:\"asdasd\";}', '2018-06-23 00:52:37'),
(19, 22, 'a:4:{i:0;s:4:\"asda\";i:1;s:3:\"das\";i:2;s:4:\"asda\";i:3;s:3:\"asd\";}', '2018-06-23 00:53:27'),
(20, 23, 'a:4:{i:0;s:4:\"asda\";i:1;s:3:\"das\";i:2;s:4:\"asda\";i:3;s:3:\"asd\";}', '2018-06-23 00:53:36'),
(21, 24, 'a:4:{i:0;s:1:\"4\";i:1;s:1:\"1\";i:2;s:1:\"2\";i:3;s:1:\"3\";}', '2018-06-23 01:35:40'),
(22, 25, 'a:4:{i:0;s:1:\"1\";i:1;s:1:\"2\";i:2;s:1:\"3\";i:3;s:1:\"4\";}', '2018-06-23 01:36:30'),
(23, 26, 'a:4:{i:0;s:4:\"JP 2\";i:1;s:4:\"JP 3\";i:2;s:5:\"JP 48\";i:3;s:1:\"6\";}', '2018-06-23 01:37:40'),
(24, 27, 'a:4:{i:0;s:4:\"Apat\";i:1;s:3:\"Isa\";i:2;s:6:\"dalawa\";i:3;s:5:\"tatlo\";}', '2018-06-23 02:08:41'),
(25, 28, 'a:4:{i:0;s:3:\"Isa\";i:1;s:6:\"Dalawa\";i:2;s:5:\"Tatlo\";i:3;s:4:\"Apat\";}', '2018-06-23 02:43:20'),
(26, 29, 'a:4:{i:0;s:6:\"Dalawa\";i:1;s:5:\"Tatlo\";i:2;s:16:\"Apat na put walo\";i:3;s:4:\"Anim\";}', '2018-06-23 02:44:12'),
(27, 30, 'a:4:{i:0;s:3:\"isa\";i:1;s:5:\"tatlo\";i:2;s:4:\"lima\";i:3;s:4:\"pito\";}', '2018-07-14 06:24:18'),
(28, 31, 'a:4:{i:0;s:3:\"isa\";i:1;s:5:\"tatlo\";i:2;s:4:\"lima\";i:3;s:4:\"pito\";}', '2018-07-14 06:24:40'),
(34, 32, 'a:4:{i:0;N;i:1;N;i:2;N;i:3;N;}', '2018-07-21 14:58:16'),
(35, 33, 'a:4:{i:0;N;i:1;N;i:2;N;i:3;N;}', '2018-07-21 15:07:56'),
(36, 34, 'a:4:{i:0;N;i:1;N;i:2;N;i:3;N;}', '2018-07-21 15:09:23'),
(37, 35, 'a:4:{i:0;N;i:1;N;i:2;N;i:3;N;}', '2018-07-21 15:15:25'),
(38, 36, 'a:4:{i:0;s:3:\"sad\";i:1;s:4:\"sad2\";i:2;s:4:\"sad3\";i:3;s:4:\"sad4\";}', '2018-07-21 16:31:36'),
(39, 37, 'a:4:{i:0;s:1:\"1\";i:1;s:1:\"2\";i:2;s:1:\"3\";i:3;s:1:\"4\";}', '2018-07-21 16:35:47');

-- --------------------------------------------------------

--
-- Table structure for table `tbl_users`
--

CREATE TABLE `tbl_users` (
  `user_id` int(11) NOT NULL,
  `user_login` varchar(45) NOT NULL,
  `user_pass` varchar(255) NOT NULL,
  `user_email` varchar(255) NOT NULL,
  `user_level` int(11) NOT NULL DEFAULT 1,
  `member_payment_id` varchar(100) NOT NULL COMMENT 'ID associated to the user when he/she pays',
  `fb_register_id` varchar(100) DEFAULT NULL,
  `gmail_id` varchar(100) DEFAULT NULL,
  `registration_date` datetime NOT NULL DEFAULT current_timestamp(),
  `active` int(11) NOT NULL DEFAULT 1
) ENGINE=InnoDB DEFAULT CHARSET=latin1;

--
-- Dumping data for table `tbl_users`
--

INSERT INTO `tbl_users` (`user_id`, `user_login`, `user_pass`, `user_email`, `user_level`, `member_payment_id`, `fb_register_id`, `gmail_id`, `registration_date`, `active`) VALUES
(1, 'erukei18', '16d7a4fca7442dda3ad93c9a726597e4', 'johndoe@gmail.com', 3, '205013434', NULL, NULL, '2018-04-18 14:04:25', 1),
(2, 'keysl183', '16d7a4fca7442dda3ad93c9a726597e4', 'marcjhon18@gmail.com', 2, '519571966', NULL, NULL, '2018-04-18 21:59:37', 1),
(3, 'teacher02', '16d7a4fca7442dda3ad93c9a726597e4', 'marcjhon18+02@gmail.com', 4, '', NULL, NULL, '2018-05-17 21:05:58', 1),
(4, 'teacher', '16d7a4fca7442dda3ad93c9a726597e4', 'teacher@agoraschool.com', 4, '', NULL, NULL, '2018-05-27 19:37:11', 1),
(5, 'keysl+001', '16d7a4fca7442dda3ad93c9a726597e4', 'mlawingco.ivp+001@gmail.com', 1, '', NULL, NULL, '2018-06-05 22:33:27', 1),
(6, 'keysl+002', '16d7a4fca7442dda3ad93c9a726597e4', 'mlawingco.ivp+002@gmail.com', 0, '', NULL, NULL, '2018-06-17 03:45:11', 1),
(7, 'keysl+04', '16d7a4fca7442dda3ad93c9a726597e4', 'marcjhon18+04@gmail.com', 0, '', NULL, NULL, '2018-07-08 12:32:23', 1),
(8, 'keysl+006', '16d7a4fca7442dda3ad93c9a726597e4', 'mlawingco.ivp+06@gmail.com', 0, '', NULL, NULL, '2018-07-08 02:32:14', 1),
(9, 'keysl+007', '16d7a4fca7442dda3ad93c9a726597e4', 'mlawingco.ivp+007@gmail.com', 0, '', NULL, NULL, '2018-07-08 03:17:18', 1),
(11, 'keysl+008', '16d7a4fca7442dda3ad93c9a726597e4', 'marcjhon18+008@gmail.com', 0, '', NULL, NULL, '2018-07-09 07:21:56', 1),
(12, 'keysl+009', '16d7a4fca7442dda3ad93c9a726597e4', 'marcjhon18+009@gmail.com', 3, '811181071', NULL, NULL, '2018-07-09 09:18:42', 1),
(13, 'mj.gapate', '16d7a4fca7442dda3ad93c9a726597e4', 'gapate.ivp@gmail.com', 0, '', NULL, NULL, '2018-07-10 03:11:47', 1),
(14, 'justine2', '16d7a4fca7442dda3ad93c9a726597e4', 'mj.gapate@gmail.com', 0, '', NULL, NULL, '2018-07-10 03:22:54', 1),
(15, 'kath27', 'da065b3bd7e85e2e043569faaa47d7ad', 'kathlascota@live.com', 2, '101006823', NULL, NULL, '2018-07-13 01:54:02', 1),
(16, 'keysl011', '16d7a4fca7442dda3ad93c9a726597e4', 'marcjhon011@gmail.com', 0, '', NULL, NULL, '2018-07-13 21:26:17', 1),
(17, 'keysl+012', '16d7a4fca7442dda3ad93c9a726597e4', 'marcjhon+012@gmail.com', 1, '', NULL, NULL, '2018-07-13 21:27:26', 1),
(18, 'keysl+013', '16d7a4fca7442dda3ad93c9a726597e4', 'marcjhon013@gmail.com', 0, '', NULL, NULL, '2018-07-13 21:47:17', 1),
(19, 'keysl+014', '16d7a4fca7442dda3ad93c9a726597e4', 'marcjhon+014@gmail.com', 0, '', NULL, NULL, '2018-07-13 21:48:31', 1),
(20, 'keysl+015', '16d7a4fca7442dda3ad93c9a726597e4', 'marcjhon+015@gmail.com', 2, '647872799', NULL, NULL, '2018-07-13 21:50:00', 1),
(21, 'keysl+016', '16d7a4fca7442dda3ad93c9a726597e4', 'marcjhon18+16@gmail.com', 0, '137357523', NULL, NULL, '2018-07-15 17:22:22', 0),
(23, '2073825145975463', '35a100a6aa355356e0054b2edea0cd75', 'marc_jhon18@yahoo.com', 0, '', '2073825145975463', NULL, '2018-07-21 13:43:07', 1),
(24, '108321004852522671217', 'ca44e7ef8fbf18154ddc425f70a787fc', 'marcjhon18@gmail.com', 0, '', NULL, '108321004852522671217', '2018-07-22 03:18:27', 1),
(25, '115908599334823', '4633208718c979513e36f3eb654f9da3', 'brddioapov_1532255351@tfbnw.net', 0, '', '115908599334823', NULL, '2018-07-22 03:32:43', 1),
(26, '102883050205349222098', '7bc6067513029a225324714da2166ee1', 'mlawingco.ivp@gmail.com', 0, '', NULL, '102883050205349222098', '2018-07-22 18:51:53', 1),
(27, 'kathtest2', '16d7a4fca7442dda3ad93c9a726597e4', 'seksilab@gmail.com', 1, '', NULL, NULL, '2018-08-02 04:10:07', 1),
(28, 'keysl0801', '16d7a4fca7442dda3ad93c9a726597e4', 'mlawingco.ivp+0801@gmail.com', 2, '886631666', NULL, NULL, '2018-08-02 08:20:05', 1),
(29, 'keysl016', '16d7a4fca7442dda3ad93c9a726597e4', 'mlawingco.ivp+16@gmail.com', 0, '', NULL, NULL, '2018-08-07 02:22:38', 1);

-- --------------------------------------------------------

--
-- Table structure for table `tbl_users_detail`
--

CREATE TABLE `tbl_users_detail` (
  `user_detail_id` int(11) NOT NULL,
  `user_id` int(11) NOT NULL,
  `fname` varchar(255) NOT NULL,
  `lname` varchar(255) NOT NULL,
  `mname` varchar(255) DEFAULT NULL,
  `birthday` date DEFAULT NULL,
  `age` int(11) DEFAULT NULL,
  `gender` int(1) DEFAULT 1,
  `school` varchar(500) DEFAULT NULL,
  `country_id` int(11) DEFAULT NULL,
  `zip_code` varchar(45) DEFAULT NULL,
  `education_level` int(11) DEFAULT NULL,
  `profile_image` text DEFAULT NULL,
  `back_drop` int(11) DEFAULT 1,
  `social_fb` text DEFAULT NULL,
  `social_gmail` text DEFAULT NULL
) ENGINE=InnoDB DEFAULT CHARSET=latin1;

--
-- Dumping data for table `tbl_users_detail`
--

INSERT INTO `tbl_users_detail` (`user_detail_id`, `user_id`, `fname`, `lname`, `mname`, `birthday`, `age`, `gender`, `school`, `country_id`, `zip_code`, `education_level`, `profile_image`, `back_drop`, `social_fb`, `social_gmail`) VALUES
(1, 2, 'KL', 'Lawingco', 'M', '2015-07-01', 22, 1, 'Pamantasan ng Lungsod ng Valenzuela', 5, '111', 2, 'Student_Avatar5.jpg', 2, NULL, NULL),
(4, 31, 'KL', 'Lawingco', 'M', '2018-12-18', 21, 1, NULL, 1, '123', 1, 'prof_image-20180502-5ae9155d6d89b.jpeg', 1, NULL, NULL),
(7, 3, 'KL', 'Lawingco', NULL, '1995-12-18', 22, 1, 'PLV', 11, '123', 3, 'Student_Avatar5.jpg', 1, NULL, NULL),
(8, 4, 'Teacher', 'account', NULL, '1995-12-18', 21, 1, 'TEST SCHOOL', 248, '1234', 5, 'Teacher_Avatar1.jpg', 7, NULL, NULL),
(9, 5, 'KL', 'Lawingco', NULL, NULL, 21, 1, NULL, 1, '13', 5, NULL, 1, NULL, NULL),
(10, 6, 'KL', 'Lawingco', NULL, NULL, 22, 1, NULL, 174, '1234', 5, NULL, 1, NULL, NULL),
(11, 1, 'Eru', 'Lawingco', 'M', '2018-12-18', 22, 1, 'PLV', 2, '1231', 1, 'prof_image_20180621-5b2b6af1c867b.jpg', 1, NULL, NULL),
(12, 7, 'KL', 'Lawingco', NULL, '2018-07-24', 22, 2, 'PLV', 16, NULL, 2, NULL, 1, NULL, NULL),
(13, 9, 'KL', 'Lawingco', NULL, '1995-07-24', 22, 1, 'PLV', 19, NULL, 5, 'Student_Avatar1.jpg', 1, NULL, NULL),
(14, 10, 'katherine', 'lascota', NULL, '1992-01-27', 26, 2, 'School', 9, NULL, 4, 'Student_Avatar1.jpg', 1, NULL, NULL),
(15, 11, 'KL008', 'Lawingco', NULL, '1995-12-18', 22, 1, 'PLV', 174, NULL, 1, 'Student_Avatar1.jpg', 1, NULL, NULL),
(16, 12, 'KL', 'Lawingco', NULL, '1983-07-01', 22, 1, 'PLV', 10, NULL, 5, 'Student_Avatar1.jpg', 1, NULL, NULL),
(17, 13, 'justine', 'gapate', NULL, '1994-04-02', 23, 2, 'Pateros Catholic School', 13, NULL, 1, 'Student_Avatar1.jpg', 1, NULL, NULL),
(18, 15, 'Kath', 'Lascota', NULL, '1992-01-01', 30, 2, 'FEU East Asia College', 172, NULL, 4, 'Student_Avatar6.jpg', 1, NULL, NULL),
(19, 17, 'KL', 'Lawingco', NULL, '2018-07-31', 21, 1, 'PLV', 19, NULL, 1, 'Student_Avatar1.jpg', 1, NULL, NULL),
(20, 20, 'KL015', 'Lawingco', NULL, '1995-12-26', 22, 1, 'PLV', 174, NULL, 1, 'Student_Avatar1.jpg', 1, NULL, NULL),
(21, 21, 'KL16', 'Lawingco', NULL, '2018-07-19', 22, 1, 'PLV', 19, NULL, 1, 'Student_Avatar1.jpg', 4, NULL, NULL),
(23, 23, 'KL', 'Lawingco', '', '1995-12-18', 22, 1, 'PLV', 5, '', 1, 'Student_Avatar1.jpg', 1, NULL, NULL),
(24, 24, 'Marc Jhon', 'Lawingco', '', '1970-01-01', NULL, NULL, '', NULL, '', NULL, 'Student_Avatar1.jpg', 1, NULL, NULL),
(25, 25, 'Nancy', 'Schrockescu', '', '1970-01-01', NULL, 2, '', NULL, '', NULL, 'Student_Avatar1.jpg', 1, NULL, NULL),
(26, 26, 'Marc Jhon', 'Lawingco', '', '1970-01-01', 22, NULL, 'PLV', 2, '1234', 1, 'Student_Avatar1.jpg', 1, NULL, NULL),
(27, 27, 'Kath', 'Lascota', NULL, '1998-08-05', 28, 2, 'University of Santo Tomas', 173, NULL, 4, 'Student_Avatar6.jpg', 1, NULL, NULL),
(28, 28, 'KL0801', 'Lawingco', NULL, '2012-08-01', 12, 1, 'PLV', 174, NULL, 1, 'Student_Avatar1.jpg', 1, NULL, NULL),
(29, 29, 'KL', 'Lawingco', NULL, '1995-12-18', 22, 1, 'PLV', 174, NULL, 3, 'Student_Avatar1.jpg', 1, NULL, NULL);

-- --------------------------------------------------------

--
-- Table structure for table `tbl_user_level`
--

CREATE TABLE `tbl_user_level` (
  `user_level_id` int(11) NOT NULL,
  `level_name` varchar(45) NOT NULL,
  `level_description` varchar(255) DEFAULT NULL,
  `level_payment_id` varchar(50) NOT NULL,
  `level_price` decimal(10,0) DEFAULT NULL,
  `level_validity` int(11) DEFAULT NULL COMMENT 'In number of months',
  `level_validity_suffix` varchar(45) DEFAULT NULL COMMENT 'Days\nMonths\nYears'
) ENGINE=InnoDB DEFAULT CHARSET=latin1;

--
-- Dumping data for table `tbl_user_level`
--

INSERT INTO `tbl_user_level` (`user_level_id`, `level_name`, `level_description`, `level_payment_id`, `level_price`, `level_validity`, `level_validity_suffix`) VALUES
(1, 'Free Trial', 'Free Trial', 'FR101', '0', 5, 'days'),
(2, 'Monthly', 'Monthly', '2bgb', '15', 1, 'month'),
(3, 'Annual', 'Annual', 'g8tm', '100', 1, 'year');

-- --------------------------------------------------------

--
-- Table structure for table `tbl_viewed_grades`
--

CREATE TABLE `tbl_viewed_grades` (
  `view_grade_id` int(11) NOT NULL,
  `section_item_id` int(11) NOT NULL,
  `date_added` datetime NOT NULL DEFAULT current_timestamp(),
  `viewed_user_id` int(11) NOT NULL
) ENGINE=InnoDB DEFAULT CHARSET=utf8mb4 COLLATE=utf8mb4_unicode_ci;

--
-- Dumping data for table `tbl_viewed_grades`
--

INSERT INTO `tbl_viewed_grades` (`view_grade_id`, `section_item_id`, `date_added`, `viewed_user_id`) VALUES
(7, 67, '2018-08-05 14:46:34', 4);

--
-- Indexes for dumped tables
--

--
-- Indexes for table `tbl_activation_keys`
--
ALTER TABLE `tbl_activation_keys`
  ADD PRIMARY KEY (`activation_id`);

--
-- Indexes for table `tbl_assignment`
--
ALTER TABLE `tbl_assignment`
  ADD PRIMARY KEY (`assignment_id`);

--
-- Indexes for table `tbl_assingment_submission`
--
ALTER TABLE `tbl_assingment_submission`
  ADD PRIMARY KEY (`assign_sumission_id`);

--
-- Indexes for table `tbl_cancellation_reasons`
--
ALTER TABLE `tbl_cancellation_reasons`
  ADD PRIMARY KEY (`c_reason_id`);

--
-- Indexes for table `tbl_category`
--
ALTER TABLE `tbl_category`
  ADD PRIMARY KEY (`category_id`);

--
-- Indexes for table `tbl_category_section`
--
ALTER TABLE `tbl_category_section`
  ADD PRIMARY KEY (`category_section_id`);

--
-- Indexes for table `tbl_category_section_level`
--
ALTER TABLE `tbl_category_section_level`
  ADD PRIMARY KEY (`category_section_level_id`);

--
-- Indexes for table `tbl_countries`
--
ALTER TABLE `tbl_countries`
  ADD PRIMARY KEY (`id`);

--
-- Indexes for table `tbl_course`
--
ALTER TABLE `tbl_course`
  ADD PRIMARY KEY (`course_id`);

--
-- Indexes for table `tbl_course_section`
--
ALTER TABLE `tbl_course_section`
  ADD PRIMARY KEY (`course_section_id`);

--
-- Indexes for table `tbl_course_section_item`
--
ALTER TABLE `tbl_course_section_item`
  ADD PRIMARY KEY (`section_item_id`);

--
-- Indexes for table `tbl_course_section_progress`
--
ALTER TABLE `tbl_course_section_progress`
  ADD PRIMARY KEY (`section_progress_id`);

--
-- Indexes for table `tbl_discussion`
--
ALTER TABLE `tbl_discussion`
  ADD PRIMARY KEY (`discussion_id`);

--
-- Indexes for table `tbl_education_level`
--
ALTER TABLE `tbl_education_level`
  ADD PRIMARY KEY (`edu_level_id`);

--
-- Indexes for table `tbl_enroll`
--
ALTER TABLE `tbl_enroll`
  ADD PRIMARY KEY (`enroll_id`);

--
-- Indexes for table `tbl_grade_schema`
--
ALTER TABLE `tbl_grade_schema`
  ADD PRIMARY KEY (`g_schema_id`);

--
-- Indexes for table `tbl_inquiry`
--
ALTER TABLE `tbl_inquiry`
  ADD PRIMARY KEY (`inquiry_id`);

--
-- Indexes for table `tbl_mail_log`
--
ALTER TABLE `tbl_mail_log`
  ADD PRIMARY KEY (`mail_id`);

--
-- Indexes for table `tbl_message`
--
ALTER TABLE `tbl_message`
  ADD PRIMARY KEY (`message_id`);

--
-- Indexes for table `tbl_message_heads`
--
ALTER TABLE `tbl_message_heads`
  ADD PRIMARY KEY (`message_heads_id`);

--
-- Indexes for table `tbl_posts`
--
ALTER TABLE `tbl_posts`
  ADD PRIMARY KEY (`post_id`);

--
-- Indexes for table `tbl_question`
--
ALTER TABLE `tbl_question`
  ADD PRIMARY KEY (`question_id`);

--
-- Indexes for table `tbl_question_answers`
--
ALTER TABLE `tbl_question_answers`
  ADD PRIMARY KEY (`question_answers_id`);

--
-- Indexes for table `tbl_question_answer_mode`
--
ALTER TABLE `tbl_question_answer_mode`
  ADD PRIMARY KEY (`question_answer_mode_id`);

--
-- Indexes for table `tbl_question_bank`
--
ALTER TABLE `tbl_question_bank`
  ADD PRIMARY KEY (`question_bank_id`);

--
-- Indexes for table `tbl_question_type`
--
ALTER TABLE `tbl_question_type`
  ADD PRIMARY KEY (`question_type_id`);

--
-- Indexes for table `tbl_session`
--
ALTER TABLE `tbl_session`
  ADD PRIMARY KEY (`session_id`);

--
-- Indexes for table `tbl_subscription`
--
ALTER TABLE `tbl_subscription`
  ADD PRIMARY KEY (`subscription_id`);

--
-- Indexes for table `tbl_subscription_trials`
--
ALTER TABLE `tbl_subscription_trials`
  ADD PRIMARY KEY (`subscription_trial_id`);

--
-- Indexes for table `tbl_transaction`
--
ALTER TABLE `tbl_transaction`
  ADD PRIMARY KEY (`trans_id`);

--
-- Indexes for table `tbl_trans_question`
--
ALTER TABLE `tbl_trans_question`
  ADD PRIMARY KEY (`trans_question_id`);

--
-- Indexes for table `tbl_trans_question_answers`
--
ALTER TABLE `tbl_trans_question_answers`
  ADD PRIMARY KEY (`trans_question_answers_id`);

--
-- Indexes for table `tbl_users`
--
ALTER TABLE `tbl_users`
  ADD PRIMARY KEY (`user_id`);

--
-- Indexes for table `tbl_users_detail`
--
ALTER TABLE `tbl_users_detail`
  ADD PRIMARY KEY (`user_detail_id`);

--
-- Indexes for table `tbl_user_level`
--
ALTER TABLE `tbl_user_level`
  ADD PRIMARY KEY (`user_level_id`);

--
-- Indexes for table `tbl_viewed_grades`
--
ALTER TABLE `tbl_viewed_grades`
  ADD PRIMARY KEY (`view_grade_id`);

--
-- AUTO_INCREMENT for dumped tables
--

--
-- AUTO_INCREMENT for table `tbl_activation_keys`
--
ALTER TABLE `tbl_activation_keys`
  MODIFY `activation_id` int(11) NOT NULL AUTO_INCREMENT, AUTO_INCREMENT=27;

--
-- AUTO_INCREMENT for table `tbl_assignment`
--
ALTER TABLE `tbl_assignment`
  MODIFY `assignment_id` int(11) NOT NULL AUTO_INCREMENT, AUTO_INCREMENT=30;

--
-- AUTO_INCREMENT for table `tbl_assingment_submission`
--
ALTER TABLE `tbl_assingment_submission`
  MODIFY `assign_sumission_id` int(11) NOT NULL AUTO_INCREMENT, AUTO_INCREMENT=20;

--
-- AUTO_INCREMENT for table `tbl_cancellation_reasons`
--
ALTER TABLE `tbl_cancellation_reasons`
  MODIFY `c_reason_id` int(11) NOT NULL AUTO_INCREMENT, AUTO_INCREMENT=2;

--
-- AUTO_INCREMENT for table `tbl_category`
--
ALTER TABLE `tbl_category`
  MODIFY `category_id` int(11) NOT NULL AUTO_INCREMENT, AUTO_INCREMENT=12;

--
-- AUTO_INCREMENT for table `tbl_category_section`
--
ALTER TABLE `tbl_category_section`
  MODIFY `category_section_id` int(11) NOT NULL AUTO_INCREMENT, AUTO_INCREMENT=7;

--
-- AUTO_INCREMENT for table `tbl_category_section_level`
--
ALTER TABLE `tbl_category_section_level`
  MODIFY `category_section_level_id` int(11) NOT NULL AUTO_INCREMENT, AUTO_INCREMENT=7;

--
-- AUTO_INCREMENT for table `tbl_countries`
--
ALTER TABLE `tbl_countries`
  MODIFY `id` int(11) NOT NULL AUTO_INCREMENT, AUTO_INCREMENT=249;

--
-- AUTO_INCREMENT for table `tbl_course`
--
ALTER TABLE `tbl_course`
  MODIFY `course_id` int(11) NOT NULL AUTO_INCREMENT, AUTO_INCREMENT=47;

--
-- AUTO_INCREMENT for table `tbl_course_section`
--
ALTER TABLE `tbl_course_section`
  MODIFY `course_section_id` int(11) NOT NULL AUTO_INCREMENT, AUTO_INCREMENT=27;

--
-- AUTO_INCREMENT for table `tbl_course_section_item`
--
ALTER TABLE `tbl_course_section_item`
  MODIFY `section_item_id` int(11) NOT NULL AUTO_INCREMENT, AUTO_INCREMENT=74;

--
-- AUTO_INCREMENT for table `tbl_course_section_progress`
--
ALTER TABLE `tbl_course_section_progress`
  MODIFY `section_progress_id` int(11) NOT NULL AUTO_INCREMENT, AUTO_INCREMENT=137;

--
-- AUTO_INCREMENT for table `tbl_discussion`
--
ALTER TABLE `tbl_discussion`
  MODIFY `discussion_id` int(11) NOT NULL AUTO_INCREMENT, AUTO_INCREMENT=60;

--
-- AUTO_INCREMENT for table `tbl_education_level`
--
ALTER TABLE `tbl_education_level`
  MODIFY `edu_level_id` int(11) NOT NULL AUTO_INCREMENT, AUTO_INCREMENT=6;

--
-- AUTO_INCREMENT for table `tbl_enroll`
--
ALTER TABLE `tbl_enroll`
  MODIFY `enroll_id` int(11) NOT NULL AUTO_INCREMENT, AUTO_INCREMENT=20;

--
-- AUTO_INCREMENT for table `tbl_grade_schema`
--
ALTER TABLE `tbl_grade_schema`
  MODIFY `g_schema_id` int(11) NOT NULL AUTO_INCREMENT, AUTO_INCREMENT=112;

--
-- AUTO_INCREMENT for table `tbl_inquiry`
--
ALTER TABLE `tbl_inquiry`
  MODIFY `inquiry_id` int(11) NOT NULL AUTO_INCREMENT, AUTO_INCREMENT=2;

--
-- AUTO_INCREMENT for table `tbl_mail_log`
--
ALTER TABLE `tbl_mail_log`
  MODIFY `mail_id` int(11) NOT NULL AUTO_INCREMENT;

--
-- AUTO_INCREMENT for table `tbl_message`
--
ALTER TABLE `tbl_message`
  MODIFY `message_id` int(11) NOT NULL AUTO_INCREMENT, AUTO_INCREMENT=17;

--
-- AUTO_INCREMENT for table `tbl_message_heads`
--
ALTER TABLE `tbl_message_heads`
  MODIFY `message_heads_id` int(11) NOT NULL AUTO_INCREMENT, AUTO_INCREMENT=3;

--
-- AUTO_INCREMENT for table `tbl_posts`
--
ALTER TABLE `tbl_posts`
  MODIFY `post_id` int(11) NOT NULL AUTO_INCREMENT, AUTO_INCREMENT=22;

--
-- AUTO_INCREMENT for table `tbl_question`
--
ALTER TABLE `tbl_question`
  MODIFY `question_id` int(11) NOT NULL AUTO_INCREMENT, AUTO_INCREMENT=220;

--
-- AUTO_INCREMENT for table `tbl_question_answers`
--
ALTER TABLE `tbl_question_answers`
  MODIFY `question_answers_id` int(11) NOT NULL AUTO_INCREMENT, AUTO_INCREMENT=221;

--
-- AUTO_INCREMENT for table `tbl_question_answer_mode`
--
ALTER TABLE `tbl_question_answer_mode`
  MODIFY `question_answer_mode_id` int(11) NOT NULL AUTO_INCREMENT, AUTO_INCREMENT=3;

--
-- AUTO_INCREMENT for table `tbl_question_bank`
--
ALTER TABLE `tbl_question_bank`
  MODIFY `question_bank_id` int(11) NOT NULL AUTO_INCREMENT, AUTO_INCREMENT=46;

--
-- AUTO_INCREMENT for table `tbl_question_type`
--
ALTER TABLE `tbl_question_type`
  MODIFY `question_type_id` int(11) NOT NULL AUTO_INCREMENT, AUTO_INCREMENT=4;

--
-- AUTO_INCREMENT for table `tbl_session`
--
ALTER TABLE `tbl_session`
  MODIFY `session_id` int(11) NOT NULL AUTO_INCREMENT, AUTO_INCREMENT=474;

--
-- AUTO_INCREMENT for table `tbl_subscription`
--
ALTER TABLE `tbl_subscription`
  MODIFY `subscription_id` int(11) NOT NULL AUTO_INCREMENT, AUTO_INCREMENT=16;

--
-- AUTO_INCREMENT for table `tbl_subscription_trials`
--
ALTER TABLE `tbl_subscription_trials`
  MODIFY `subscription_trial_id` int(11) NOT NULL AUTO_INCREMENT, AUTO_INCREMENT=9;

--
-- AUTO_INCREMENT for table `tbl_transaction`
--
ALTER TABLE `tbl_transaction`
  MODIFY `trans_id` int(11) NOT NULL AUTO_INCREMENT, AUTO_INCREMENT=15;

--
-- AUTO_INCREMENT for table `tbl_trans_question`
--
ALTER TABLE `tbl_trans_question`
  MODIFY `trans_question_id` int(11) NOT NULL AUTO_INCREMENT, AUTO_INCREMENT=38;

--
-- AUTO_INCREMENT for table `tbl_trans_question_answers`
--
ALTER TABLE `tbl_trans_question_answers`
  MODIFY `trans_question_answers_id` int(11) NOT NULL AUTO_INCREMENT, AUTO_INCREMENT=40;

--
-- AUTO_INCREMENT for table `tbl_users`
--
ALTER TABLE `tbl_users`
  MODIFY `user_id` int(11) NOT NULL AUTO_INCREMENT, AUTO_INCREMENT=30;

--
-- AUTO_INCREMENT for table `tbl_users_detail`
--
ALTER TABLE `tbl_users_detail`
  MODIFY `user_detail_id` int(11) NOT NULL AUTO_INCREMENT, AUTO_INCREMENT=30;

--
-- AUTO_INCREMENT for table `tbl_user_level`
--
ALTER TABLE `tbl_user_level`
  MODIFY `user_level_id` int(11) NOT NULL AUTO_INCREMENT, AUTO_INCREMENT=4;

--
-- AUTO_INCREMENT for table `tbl_viewed_grades`
--
ALTER TABLE `tbl_viewed_grades`
  MODIFY `view_grade_id` int(11) NOT NULL AUTO_INCREMENT, AUTO_INCREMENT=8;
COMMIT;

/*!40101 SET CHARACTER_SET_CLIENT=@OLD_CHARACTER_SET_CLIENT */;
/*!40101 SET CHARACTER_SET_RESULTS=@OLD_CHARACTER_SET_RESULTS */;
/*!40101 SET COLLATION_CONNECTION=@OLD_COLLATION_CONNECTION */;
